path,size_bytes,sha256
.gitignore,44,a06c84655d505e035864ed79a4a88fdb74656364924cc47161d1fae9f8fd04b3
CITATION.cff,1028,9bb1e817cfe68cb11c65ddb5d5f876ef20bd20609f16ad8111a81185e82874c7
code/analysis/candidate_localization/04_pe_d2min_overlap_analysis.py,3154,3c8bac56128dbbaee8f43676ed2f04e4f59931309a1ed16804c4bd25e6a6e30c
code/analysis/cluster/01_damage_cluster_batch2.py,17781,4b138d8fd4c07bde616c16f6454c18d49b7aa9188d112d10fcb4875ff55f3211
code/analysis/DXA/run_fig7_stage1_dxa_pilot.py,28638,3f8a2ad9d1770f3ee3b2f365fa971b7350103ed9698d3ed89af2e40d0754df5a
code/analysis/mechanical/audit_sigma15_grid_f50.py,9523,65716d9af1c58114ebd865c16c9ae0c3d94af87de3f9a0ca9bb7b948a9e61147
code/analysis/mechanical/extract_mechanical_metrics.py,8354,85b1114b42a46b254fc51c8f2b9007c123a8be8926e2d78d9dec15015572fb00
code/analysis/mechanical/extract_n3_metrics_local.py,12533,959d8d6c0ed072ddd16ec0895581b90f80574ac664137acea2314e24c77e8ece
code/analysis/mechanical/f50_contract.py,3553,4510e906cd040046f54cedc38053cb1cf251f17714bcda119e6afb3be58b1361
code/analysis/plotting/export_fig5.py,1046,8bb65bf3c40dd136d9b6da3957def2e5ebf74e1133373ae4b1a479deb1362e3e
code/analysis/plotting/Fig1_R2_rebuild_source.py,10530,966e20d3c106c7f7186453b1801db25fe1818f59abee15392b7a35356f1166d8
code/analysis/plotting/Fig2_n3_build.py,12339,408a6b5a60800dac8118465db54d98651faed285d00d50080c92d5ebf0ef0492
code/analysis/plotting/Fig3_panel_g_replot_script.py,164,bb2de018c0536f4e79653b7b5ef35c9e0ade3be6d468c038f61022893689e509
code/analysis/plotting/Fig4_panel_g_replot_script.py,164,bb2de018c0536f4e79653b7b5ef35c9e0ade3be6d468c038f61022893689e509
code/analysis/plotting/Fig6_quant_replot_script.py,660,91262a6b40125f494ca671df4bc72efc4ac81db06d40b557df77778ffd82899a
code/analysis/plotting/Fig7_quant_replot_script.py,660,061a2bc7ccfbc451472ea41df653c5f6923e8b9439e8850939334b46c1c336bc
code/analysis/PTM/extract_fig6_stage2A_dense_metric.py,6644,8a5a85cfc4ffde47b8777ee4e46a78255634497315c6ff20275a782178baf885
code/analysis/PTM/render_fig6_stage2A_schemeA_50A.py,6810,456b63c6af574bfc14a73bed412555baecb093b22a215a4faf753cd40af08150
code/analysis/SCRIPT_INDEX.csv,2873,11578e16933671b2c1916d9291f18e866384554f429566f28ab885b051bcf393
code/analysis/SCRIPT_INDEX.md,2855,d10ddf5bb6f912746616500cf648847e703d3944753a29846dee0af13f83aed7
code/model_construction/M4_RATIO/01_design_ratio_geometry.py,6470,a14ad19eebd34e8c5817eb522a6a886c6ff45d84216e8e9922e9c673cae0f3a1
code/model_construction/M4_RATIO/02_build_M4_SYM_RATIO_atomsk.py,16153,b1fb0e9e6152505684bfb4688a9d28721a6cb8abdc37641cd93b6349e4d7cec1
code/model_construction/M4_RATIO/_m4_sym_ratio_utils.py,16141,20c0e1b2923963ec805f0a96d1dfb951b9d2710b8d38084a9df6959f7ca35905
code/model_construction/M4_RATIO/build_main_models.py,21083,eb7af4769912e19713d60403e1fd1e560da19abb7fd640905ad81d03d45df0d5
code/SCRIPT_INDEX.md,2855,d10ddf5bb6f912746616500cf648847e703d3944753a29846dee0af13f83aed7
DATA_AVAILABILITY_STATEMENT.md,1145,d145d128dcede6cd3eddf140f034c2c59754c2eaadae7dc752f0e39db11ba8df
DATA_SCOPE.md,1378,d31259e3dc4871456ef9eaf24e7d073917da7a0c2dbf09fa1adc84d445e19ab2
figure_source_data/Fig1/lightweight_raw_metadata/Fig1_source_manifest.md,1389,989da83a6933342b03edb800d26d16137ce72faa03c36896225bf27112b97ace
figure_source_data/Fig1/lightweight_raw_metadata/Fig1_v2_1_micro_polish.ovito,38993,bc2a2f3a97dcdec5bf85f97a6c58ddeefeaaaefdf59f17f218f7dca901458bc9
figure_source_data/Fig1/lightweight_raw_metadata/MODEL_DATA_LOCATION.md,162,53d8a0a4948fe59e44e085118849e8d8f08ab2265efac69d986a76d944a54c90
figure_source_data/Fig1/lightweight_raw_metadata/render_metadata_v2.json,5088,959f0d3c26aca14b69ce3a4a344a4d12bf9aa19540fd6fa63f41b3447f8114e5
figure_source_data/Fig1/plot_scripts/Fig1_R2_ovito_render.py,10188,20d934a5eae2ecacb7c4c6ab7b134facf43fa2c1fa500fe565db0b3b36c84e69
figure_source_data/Fig1/plot_scripts/Fig1_R2_rebuild_source.py,10530,966e20d3c106c7f7186453b1801db25fe1818f59abee15392b7a35356f1166d8
figure_source_data/Fig1/processed_data/Fig1_model_metadata.csv,1124,3825696e15c563e135e134d9aabd41da328a61e54c20cd1f085532e7329f6f52
figure_source_data/Fig1/README.md,197,ea773b2375f4a78c5868771080bde88e97203aba45b3a65e0f07e4a991543ce9
figure_source_data/Fig2/plot_scripts/Fig2_n3_build.py,12339,408a6b5a60800dac8118465db54d98651faed285d00d50080c92d5ebf0ef0492
figure_source_data/Fig2/processed_data/Fig2_n3_source_manifest.csv,3330,18b880d845e7ed7fba0808d98878e990b5fb9a362637c4782e98ec5b49b035e0
figure_source_data/Fig2/processed_data/Fig2_n3_summary_values.csv,1584,21e96d1ce2759cf99d04808d8fe02fce9b6fde08b5f9027ddcf161b461604a02
figure_source_data/Fig2/README.md,197,cd440e7c328b22cab9b54153877d52a5d01c22599a35b794a78390160eaf46be
figure_source_data/Fig3/lightweight_raw_metadata/Fig3_extraction_manifest.json,1832,581b899969449f0be4b14778cba63e3917a98f7384504ac3b9b2dab77c0f3360
figure_source_data/Fig3/plot_scripts/Fig3_panel_g_replot_script.py,164,bb2de018c0536f4e79653b7b5ef35c9e0ade3be6d468c038f61022893689e509
figure_source_data/Fig3/processed_data/Fig3_overlap_metric_data.csv,17701,e4bf20214075d5eee67e2ef63917e839b2d2f5fb85983e4b763cb86bc50f6643
figure_source_data/Fig3/processed_data/Fig3_panel_g_replot_source.csv,7803,b43fdf50f0786fc74adbc5a7ef112944bf2b1a766cc1258dd95baa74e9173d02
figure_source_data/Fig3/processed_data/Fig3_snapshot_manifest.csv,3086,9feb853cda20be4d6a59362351d6485437b0e56549e842c540580f70cc5b25f7
figure_source_data/Fig3/README.md,197,45172196e6e2521cdc21d1c2e09498f5f0838764591b29433c1bb9fdee281947
figure_source_data/Fig4/lightweight_raw_metadata/Fig4_source_data_manifest.json,1646,405808779b7253cac18e7e4178ef299010865259cbad9d9cb8d23831cde77c51
figure_source_data/Fig4/plot_scripts/Fig4_panel_g_replot_script.py,164,bb2de018c0536f4e79653b7b5ef35c9e0ade3be6d468c038f61022893689e509
figure_source_data/Fig4/processed_data/Fig4_metric_data_final.csv,42234,7299d583c5ac249d2c3ab6fe5659bcdc3bcddd44c00bfa8ba2aba40a04235772
figure_source_data/Fig4/processed_data/Fig4_panel_g_replot_source.csv,18493,50fd92b360dee38d0c01fc4e981d4a66d79e56cd6372dc5853da77a73220471b
figure_source_data/Fig4/processed_data/Fig4_snapshot_manifest_final.csv,2241,dac5268638d50f12ea2bbde234e9b7d36c1cd31281990a5db13fc56f9e655f19
figure_source_data/Fig4/README.md,197,368feb78d60182821e53384cc51dda62195f8b491b4ef1812c3c2d16fd35bc3c
figure_source_data/Fig5/lightweight_raw_metadata/Fig5_n3_editable_source.svg,32863,75cdca4e8742d7f01e2f18380fed674942cb55bc8efb0f6f0a4e17a041bd31d0
figure_source_data/Fig5/lightweight_raw_metadata/FIG5_UPDATE_AUDIT.md,581,6a66218c42f8860355d180a45c596605144be8f989e69a5fcc83c6576278b42a
figure_source_data/Fig5/plot_scripts/export_fig5.py,1046,8bb65bf3c40dd136d9b6da3957def2e5ebf74e1133373ae4b1a479deb1362e3e
figure_source_data/Fig5/processed_data/Fig3_overlap_metric_data.csv,17701,e4bf20214075d5eee67e2ef63917e839b2d2f5fb85983e4b763cb86bc50f6643
figure_source_data/Fig5/processed_data/Fig4_metric_data_final.csv,42234,7299d583c5ac249d2c3ab6fe5659bcdc3bcddd44c00bfa8ba2aba40a04235772
figure_source_data/Fig5/processed_data/Fig6_quant_replot_source.csv,4137,fca78b9c52baac9d311169865738dc9c4e0909b96a91b56784fcc83188d972e1
figure_source_data/Fig5/processed_data/Fig7_quant_replot_source.csv,2071,c6f9d9ae4c0e9df2652234bda7674605c58d06d88bb99e27a43ff87ad77dd969
figure_source_data/Fig5/processed_data/n3_summary_local.csv,1620,3e8843bc0e63992cf532c8c41fa9d171d9edc16cd692ec0b4fd883f047543978
figure_source_data/Fig5/README.md,197,a1d4045b479f31b3c5e53d8cb1bb03875e5a2632cf940fbe0a0d58d33074e2d8
figure_source_data/Fig6/lightweight_raw_metadata/Fig6_stage2A_schemeA_render_metadata.json,9133,edb9fb43c5929f0d940800940fdfa210a2664df9b2d8d626045e3d4340244193
figure_source_data/Fig6/lightweight_raw_metadata/source_manifest_final_dense.json,1856,f27033c3c3997095be6e815c33538531e7456c1cbf407f2acb9ae2e3f338cf5f
figure_source_data/Fig6/plot_scripts/Fig6_quant_replot_script.py,660,91262a6b40125f494ca671df4bc72efc4ac81db06d40b557df77778ffd82899a
figure_source_data/Fig6/processed_data/Fig6_quant_replot_source.csv,4137,fca78b9c52baac9d311169865738dc9c4e0909b96a91b56784fcc83188d972e1
figure_source_data/Fig6/processed_data/Fig6_stage2A_dense_metric_schemeA.csv,4137,fca78b9c52baac9d311169865738dc9c4e0909b96a91b56784fcc83188d972e1
figure_source_data/Fig6/README.md,197,8b0cda57a667465d277d6896d5c8cbfa84cc3c612e49be2d4ecb8cfafd0e0d45
figure_source_data/Fig7/lightweight_raw_metadata/Fig7_source_data_manifest.json,13215,cfd01419eb0efab27f146063d8a68e541d47779c958c83bd333831daf2fff31e
figure_source_data/Fig7/plot_scripts/Fig7_quant_replot_script.py,660,061a2bc7ccfbc451472ea41df653c5f6923e8b9439e8850939334b46c1c336bc
figure_source_data/Fig7/processed_data/Fig7_quant_replot_source.csv,2071,c6f9d9ae4c0e9df2652234bda7674605c58d06d88bb99e27a43ff87ad77dd969
figure_source_data/Fig7/processed_data/Fig7_stage1_DXA_metric_preview.csv,3895,802e38cde16f7ae0710dc7ef5e470818baebd8f27ca65d3129d2a023bd748b2c
figure_source_data/Fig7/README.md,197,4786a1ec3ff810d54029057e109e4bc54867db6c94a88ca1c00dae198bea3217
GITHUB_EXCLUDED_FILES.csv,16906,427aa098b9500804db637a55d7c84ff216ce93212e4f85724b3dbf5b4c0a9f67
GITHUB_RELEASE_SIZE_REPORT.md,859,dba6231e6a9393caec7825775ea2c2f1bb7dc2975307756d4727df7714ebfabe
inputs/INPUT_FILE_INDEX.csv,1832,35ba2e9eadfac48c38c8d21c29d7805298a08f6ace8e3c2fd2128dfdcb8e1bdd
inputs/M3_SYM/equilibration_300K_NPT_NVT.lmp,1216,23aa5c58687d2706578ec91a980699e250b819211b76a5d074a5d5a765b4d6bc
inputs/M3_SYM/minimization.lmp,884,5f5df39ba6ac208e3043b68f7ff7f9e78c8c5599b53f3b6eb1cce1cba436f3c1
inputs/M3_SYM/tension.lmp,2153,152252ab49fc8c1f72771fa8a214c384a2a2b5b672e525463982986429dfae7f
inputs/M4_LIT/equilibration_300K.lmp,1081,1471a592407c1aa1e1002d35c2addef2208df9257dbd1b71cd268b026bb3a53a
inputs/M4_LIT/minimization.lmp,885,c9fbb8f505ec87a85f65d4b3f9ec1475e1eabe050ba8ec4a10fb51c0f776949f
inputs/M4_LIT/tension.lmp,2128,b37322975d55a53dfefc50232da85cd15eff285f9089f663bcb9a1afd2911e9f
inputs/M4_RATIO/equilibration_300K_NPT_NVT.lmp,1242,b1c4e8eab7734b274d73acf968577743a75d0c683f4f5f95c8a268f3dec46a79
inputs/M4_RATIO/minimization.lmp,846,7bfd287ea74b14ee17adf899b47d4b0f09fa6efba31b1cd17b17dde034e08dcf
inputs/M4_RATIO/tension.lmp,2185,ead662a79a8956c6df45057066fe989a816b404325ee189c3756e412b732d915
inputs/M4_SYM/equilibration_300K_NPT_NVT.lmp,1216,f9b8945230a2417528e3f32d8f41fc8e44f6ce50d127df729181945fcd6427a0
inputs/M4_SYM/minimization.lmp,886,480bc1da422bd9d048158f0fbc3145dd523f5ed4f3e72174ece35247067dad8a
inputs/M4_SYM/tension.lmp,2153,80550b9fea10b4d9405aaadfa6bd4da59b0ebe5a99b503752f054a5706bcf4f6
inputs/production/independent_seed_equilibration_tension.lmp,4156,f1e02f9a7161943d5defa8d73568320854cc3db5df192eb155b69b44b124d3cd
inputs/README.md,293,a0b4456a953be9e11d77943ab4b72cf0404db10d0153faa112e02c6abc9bef76
KNOWN_LIMITATIONS.md,699,ace4fbaab045ea879230cd9cc21cf2a157abcd83613fa5a50d242480d3931720
LICENSE_CODE.txt,1519,65c63564d6c002c1b29d34d7ebb271e12b87c37366d63c05f490da074d0a49be
LICENSE_DATA.txt,19676,3b004b7d6bb2aef10ab85be6bcd02a930d8e7786edc7614cb933801168d69bb1
MODEL_NAME_MAPPING.md,411,e4fdf36b5584f7dbc81a82d6e6455d18d08730838e0084e469c5c7f67718f69a
model_structures/crystallographic_inputs/Al2Cu.cif,2957,2abeda2b05bbd1fa30335571a7b40293ed93152ec4f8647565b2a86e1ea8997c
model_structures/crystallographic_inputs/Al4Cu9_full.cif,3448,4afa8cae0d5de9173d402d35974874ff84466727b1b5a876b4739c978a14f323
model_structures/crystallographic_inputs/type_mapping_main.txt,52,a39e41da8b5b1b3b89413551baa8e2e70f0fe409a8014e6e4581de725b2cf5be
model_structures/M3_SYM/README.md,360,83a89bc05d9fe59468e1efb2289f9432b027dad97ee2923b3514164230221692
model_structures/M4_LIT/README.md,449,7b4e7b42199c1cef79e350a5e59da34ecb81b9892ad247b58d474ba0303d88e5
model_structures/M4_RATIO/README.md,399,616a4b91dad52c54badb0969333804ae1b2446afb9aa22fe30d167ceef307204
model_structures/M4_SYM/README.md,400,a68783fe146d6e18136bd2bdc4e0fb24e08a493677906ae3c717530d25b7a0d2
model_structures/MODEL_METADATA.csv,1196,f6ae62b5a47445aaf5c0ac0a49a464c04bae9097b3b5e13ff1844bb04c0fa016
model_structures/MODEL_STRUCTURE_INDEX.csv,757,75b7311b0d878ee95a85e97ecae956b3a89b72d07f5f56bf2bf56e0fd7165fbc
processed_data/AUTHORITATIVE_NINE_TRAJECTORIES.csv,1756,4b97913c4346b17e9ec374d3bb868e2ac97a6519ecaa2b50520a4bca2b6702e9
processed_data/mechanical/compute_vs_local.csv,9506,82a52f51f789a1052f00514c0b46b61f4bef0195a064f9a05b08d00b839dd7ba
processed_data/mechanical/F50_SENSITIVITY_N9.csv,1665,66ad60c71e38d19c5d925ca38bec3d1db1a223be6c03c6355e0a5b88a6b1759b
processed_data/mechanical/F50_SENSITIVITY_N9.md,885,43e32b8b16a9aa6e7f944c27594ffc7ea6bf7240a29e906089d01b702534b88a
processed_data/mechanical/metrics_per_trajectory_local.csv,5342,3681bf82f82a032e652d2ee763d94de131d86279099f88870af79fd5ad4fd628
processed_data/mechanical/n3_summary_local.csv,1620,3e8843bc0e63992cf532c8c41fa9d171d9edc16cd692ec0b4fd883f047543978
PUBLIC_RELEASE_AUDIT_REPORT.md,2464,9a520693c308ecfedc8f40932a529203ead414390376362c8fb028d258c3121b
README.md,3294,cf093e220603f59ee22ca1e78fd5a2d11eb3cc2087e3e33a8b3f660a9b7e3ca6
RELEASE_SIZE_METRICS.json,470,1c743809e29c8665042dae134f0678ac2d75861b4e47346c2febcc6560461d31
REPRODUCIBILITY_GUIDE.md,2038,f6af39f070594166c97e4eea412193ea6cee1ab9b72872c19de9381ef1255cbb
supplementary_source_data/compute_vs_local.csv,9506,82a52f51f789a1052f00514c0b46b61f4bef0195a064f9a05b08d00b839dd7ba
supplementary_source_data/F50_existing_data_sensitivity.csv,846,d3b5ef988d2b40b152dc4c3b2b7f0dff8b31909021c24efe0f8a7e9a5f3fe357
supplementary_source_data/F50_SENSITIVITY_N9.csv,1665,66ad60c71e38d19c5d925ca38bec3d1db1a223be6c03c6355e0a5b88a6b1759b
supplementary_source_data/Fig4_metric_data_for_Table_S6.csv,42234,7299d583c5ac249d2c3ab6fe5659bcdc3bcddd44c00bfa8ba2aba40a04235772
supplementary_source_data/interface_construction_registry.csv,4313,4096f4bd8ac1232c74945b62a2dd447b94e4c856c37fd56e335f48a55c4f3b4d
supplementary_source_data/M4_RATIO_geometry_design.csv,1055,a05b8bb16691792bb9f0df885a72a0b32b2f47563ab3170f30276f8945dcdacb
supplementary_source_data/metrics_per_trajectory_local.csv,5342,3681bf82f82a032e652d2ee763d94de131d86279099f88870af79fd5ad4fd628
supplementary_source_data/n3_summary_local.csv,1620,3e8843bc0e63992cf532c8c41fa9d171d9edc16cd692ec0b4fd883f047543978
supplementary_source_data/potential_property_comparison.csv,7582,be49e08c85587cba7d217388ccfee9fb4be841caf355eda23365d5b85a3d0bb8
supplementary_source_data/SUPPLEMENTARY_SOURCE_INDEX.md,693,05a7ca820abe7d81dbd55209bc8a8ac06a131275b5d56e80f6da22773bce73e4
supplementary_source_data/thickness_control.csv,460,0ed3732510ed6c44c821bd089e1f686ea0d26011903bcee98a99ce4e6a5b7f89
supplementary_source_data/transverse_stress_existing_data.csv,1125,2e2187a84cc4d26e4e33664f4e25c7fa336c41a304e78830e03f5c0f9a468351
zenodo_archive/COMMAT_D_26_03451_ZENODO_v1.zip,2233375981,9a28974a4011641e8eae1797034a4ce7f34b0c4b08d2250075ec92eefaec43cb
zenodo_archive/payload/binary_states/M3_SYM/R1_seed_3847291/M3_SYM_R1_seed3847291_equilibrated.data,62500118,7ae378041c28abf54d7b29d5488e2ea06dd85057693e587db9dd5e67d5a2a679
zenodo_archive/payload/binary_states/M3_SYM/R1_seed_3847291/M3_SYM_R1_seed3847291_final.data,62560618,e2d39dc8904b43c76fdf2921816073d232b3e52bdebec6ba8d6d72373591efc5
zenodo_archive/payload/binary_states/M3_SYM/R1_seed_3847291/M3_SYM_R1_seed3847291_final.restart,40281095,46165b704a02ce9f5ea2e1df3937f0e7ec0b96389634a3bfb8cbbefb13dc8e58
zenodo_archive/payload/binary_states/M3_SYM/R1_seed_3847291/M3_SYM_R1_seed3847291_tension_step_100000.restart,40282890,27475b4a5dc6288259184b5ca3e742ec62f8daa5fcaab91dcb81aa2465f8159e
zenodo_archive/payload/binary_states/M3_SYM/R1_seed_3847291/M3_SYM_R1_seed3847291_tension_step_150000.restart,40282890,6005d59f1e85e6fe1b111cfa0a19c20090affa97d9a6c427776bb06820f434df
zenodo_archive/payload/binary_states/M3_SYM/R1_seed_3847291/M3_SYM_R1_seed3847291_tension_step_200000.restart,40282890,913e1a85967c281217f7680e4e050a31328695cbcbba98a336c2785b17c423d2
zenodo_archive/payload/binary_states/M3_SYM/R1_seed_3847291/M3_SYM_R1_seed3847291_tension_step_250000.restart,40282890,2dd8d8feda6ca4a2661c5cabbb070ea93eec7611e230b25f3f214c21f1b6a40e
zenodo_archive/payload/binary_states/M3_SYM/R1_seed_3847291/M3_SYM_R1_seed3847291_tension_step_50000.restart,40282890,3d411ada425d5317f988b00fe378339bbddcfc7b51dad6c922f184bae53cf52c
zenodo_archive/payload/binary_states/M3_SYM/R2_seed_28471/M3_SYM_R2_seed28471_equil_step_10000.restart,40281411,a9f149e4393466c11864a7168f3c866e2e4616bbc0701e8ad0fc54bce0f75198
zenodo_archive/payload/binary_states/M3_SYM/R2_seed_28471/M3_SYM_R2_seed28471_equil_step_20000.restart,40281411,4f0a3a046c9f6e2e4adf7dd8ff022f8bdbc504c3377dc83163737ab6858525ad
zenodo_archive/payload/binary_states/M3_SYM/R2_seed_28471/M3_SYM_R2_seed28471_equil_step_30000.restart,40281411,cdd999a6d700c80046ea953fe8c5935cd80858e741c931f70cd09e7d5c88d7c5
zenodo_archive/payload/binary_states/M3_SYM/R2_seed_28471/M3_SYM_R2_seed28471_equil_step_40000.restart,40281411,87e6653051514936156a25de1e34e5cd20a26441d47518cbbae2dbd7648d5461
zenodo_archive/payload/binary_states/M3_SYM/R2_seed_28471/M3_SYM_R2_seed28471_equil_step_50000.restart,40281411,edc757ec812c0171aa8e269116c9fd66700294835d79ea2605cfce92d19d91f1
zenodo_archive/payload/binary_states/M3_SYM/R2_seed_28471/M3_SYM_R2_seed28471_equil_step_60000.restart,40281187,3700a7c8821c25c6b29dc189a7c2bae5b25533cb1034bf8a6150e7edd6dda209
zenodo_archive/payload/binary_states/M3_SYM/R2_seed_28471/M3_SYM_R2_seed28471_equil_step_70000.restart,40281187,cea2170a04e9c0db650b0f9ae642718fc88281d3364b1704fb953d67dfa50063
zenodo_archive/payload/binary_states/M3_SYM/R2_seed_28471/M3_SYM_R2_seed28471_final.data,62540248,3f16aaa331d098bb3e8639ea4df0cf285637a7766633c1b813ae5feaf8568f36
zenodo_archive/payload/binary_states/M3_SYM/R2_seed_28471/M3_SYM_R2_seed28471_final.restart,40281095,0a93c4d3872f0b6d4509d62e421295fe2c3431de03d5644771ee22fa8c74c9b7
zenodo_archive/payload/binary_states/M3_SYM/R2_seed_28471/M3_SYM_R2_seed28471_tension_step_100000.restart,40282890,44bc9be2b92fcdff91a880f9cd4e9a3b6e957fd89ff35cfecdb7ea0a4ca486f7
zenodo_archive/payload/binary_states/M3_SYM/R2_seed_28471/M3_SYM_R2_seed28471_tension_step_150000.restart,40282890,795edbe895619960ce6441ffb88e5367f128ae3ee64631797ecfb55bc799e0de
zenodo_archive/payload/binary_states/M3_SYM/R2_seed_28471/M3_SYM_R2_seed28471_tension_step_200000.restart,40282890,8977b04b451e84ef3e50db6a54e8e1c8465fb8a3ad757ed249592e1593d09a72
zenodo_archive/payload/binary_states/M3_SYM/R2_seed_28471/M3_SYM_R2_seed28471_tension_step_250000.restart,40282890,b6fe92efa1e7b0f2ef23f924f239f9b6ff55edc91df581c4c338603c13f41638
zenodo_archive/payload/binary_states/M3_SYM/R2_seed_28471/M3_SYM_R2_seed28471_tension_step_50000.restart,40282890,0c2c03f871b7b3bf5aeae9c271a092731b3e438eca0d89e6e2db9e20e9fb5e3d
zenodo_archive/payload/binary_states/M3_SYM/R3_seed_39581/M3_SYM_R3_seed39581_equil_step_10000.restart,40281411,0837293e1fe6cb4183917a6f5bda8ca9fef762a4d407e973e53e772053f44b14
zenodo_archive/payload/binary_states/M3_SYM/R3_seed_39581/M3_SYM_R3_seed39581_equil_step_20000.restart,40281411,4c15d8095df4ee6e595f13b8444c1946cf7037a0451ba6b4e9691260a38fa633
zenodo_archive/payload/binary_states/M3_SYM/R3_seed_39581/M3_SYM_R3_seed39581_equil_step_30000.restart,40281411,ac42d552d86e5a3611d09dfda05927a2b7f330f26276810e6f0828f2a2e34046
zenodo_archive/payload/binary_states/M3_SYM/R3_seed_39581/M3_SYM_R3_seed39581_equil_step_40000.restart,40281411,a51fc559d66b9c49bd3fa5b492f534f01a4d08080a023831cb789f948935247f
zenodo_archive/payload/binary_states/M3_SYM/R3_seed_39581/M3_SYM_R3_seed39581_equil_step_50000.restart,40281411,56f228f59b23d808c023b5f3b6c6c3ddca1bc15c7a331245c2511e83ac533521
zenodo_archive/payload/binary_states/M3_SYM/R3_seed_39581/M3_SYM_R3_seed39581_equil_step_60000.restart,40281187,70daba1e0aceae4662e53310c0096a50283e862574379696316f7ee2731d3c03
zenodo_archive/payload/binary_states/M3_SYM/R3_seed_39581/M3_SYM_R3_seed39581_equil_step_70000.restart,40281187,e76e1ca8f2e3e3f6e49127b4f147018eb0408108b7ca313660b8cc585e91e896
zenodo_archive/payload/binary_states/M3_SYM/R3_seed_39581/M3_SYM_R3_seed39581_final.data,62561030,e487ffc1ceadf7b35248c813088ab364581baec0f8661ed2f817dfe11cbd3755
zenodo_archive/payload/binary_states/M3_SYM/R3_seed_39581/M3_SYM_R3_seed39581_final.restart,40281095,8caf0795eacfbbf3635e6c9f70cd4e786f76db62bf873a3c0235555fc9c200f8
zenodo_archive/payload/binary_states/M3_SYM/R3_seed_39581/M3_SYM_R3_seed39581_tension_step_100000.restart,40282890,eae49b278827c62c58d3a0773d0e2e1c4ede24833fc995e69c9ed725a436e983
zenodo_archive/payload/binary_states/M3_SYM/R3_seed_39581/M3_SYM_R3_seed39581_tension_step_150000.restart,40282890,8013d43f671cf527959af87ba1cb23d426a858d18f9de5cf7bcea602addca152
zenodo_archive/payload/binary_states/M3_SYM/R3_seed_39581/M3_SYM_R3_seed39581_tension_step_200000.restart,40282890,7a9b7006922004d97ee8d494f997756ebbe89593da082a73ce3662f31bd61eb7
zenodo_archive/payload/binary_states/M3_SYM/R3_seed_39581/M3_SYM_R3_seed39581_tension_step_250000.restart,40282890,9127e018ccb7db3bb6753d784dd71975593946a0b0ae900993c97eab19d3a045
zenodo_archive/payload/binary_states/M3_SYM/R3_seed_39581/M3_SYM_R3_seed39581_tension_step_50000.restart,40282890,48612589b099105d235bd12b626086e6cf4ca4e72ef12b802c6a72443a303236
zenodo_archive/payload/binary_states/M4_RATIO/R1_seed_4928459/M4_RATIO_R1_seed4928459_equilibrated.data,65004217,12ae770e1b78c1c3535adfd699ce6ede4e78fd309a646ef1b6df373ec0f649fa
zenodo_archive/payload/binary_states/M4_RATIO/R1_seed_4928459/M4_RATIO_R1_seed4928459_final.data,65092694,0ad8b41ab01b585222bc55fcb9997e75201a57f77c7df0d8c093cb161b4c5d10
zenodo_archive/payload/binary_states/M4_RATIO/R1_seed_4928459/M4_RATIO_R1_seed4928459_final.restart,41882871,45f64c01af2c92431772bb0d205e109595d0d6b671953d89c40342b50e16cafe
zenodo_archive/payload/binary_states/M4_RATIO/R1_seed_4928459/M4_RATIO_R1_seed4928459_tension_step_100000.restart,41884666,1a42746eee8c5a144cc900c64cbf430f1145cc75636fb4a4667e1e0bb0fcbf87
zenodo_archive/payload/binary_states/M4_RATIO/R1_seed_4928459/M4_RATIO_R1_seed4928459_tension_step_150000.restart,41884666,375af9ef95b45e51a1e6dcee96d12fbde8950a65891102d4ca1b5e61bb1c21fb
zenodo_archive/payload/binary_states/M4_RATIO/R1_seed_4928459/M4_RATIO_R1_seed4928459_tension_step_200000.restart,41884666,e2d91d6547d7be260b73243244eabd8c963ee8ad8de2ccff0da7d93ada04ed39
zenodo_archive/payload/binary_states/M4_RATIO/R1_seed_4928459/M4_RATIO_R1_seed4928459_tension_step_250000.restart,41884666,1a0e82d4cdce443fe31dceec699fdf553aac8d3e882c62b573ef008b54b17f34
zenodo_archive/payload/binary_states/M4_RATIO/R1_seed_4928459/M4_RATIO_R1_seed4928459_tension_step_50000.restart,41884666,13df11d818b919fcd6954a6baac2be27a15a5cce5a96f8ad4e032202f5270790
zenodo_archive/payload/binary_states/M4_RATIO/R2_seed_41777/M4_RATIO_R2_seed41777_equilibrated.data,65001699,7a95dfba00ccf2b78a17031dc8e64a5a73ab75a312912938a41aadb9392c8cbd
zenodo_archive/payload/binary_states/M4_RATIO/R2_seed_41777/M4_RATIO_R2_seed41777_final.data,65073536,642eb28939a795cb6271e78aa615a5d042e557e8909ad58270ebf5fcb81f8f4a
zenodo_archive/payload/binary_states/M4_RATIO/R2_seed_41777/M4_RATIO_R2_seed41777_final.restart,41882871,69c61490f7274bb56c8c15e02f994a955f3c5cad48923a6ca165bf6105dd41bb
zenodo_archive/payload/binary_states/M4_RATIO/R2_seed_41777/M4_RATIO_R2_seed41777_tension_step_100000.restart,41884666,15b388d22b8b715b527db6fdfc89911a5676d4dcd7d82c68774a682cfc884b17
zenodo_archive/payload/binary_states/M4_RATIO/R2_seed_41777/M4_RATIO_R2_seed41777_tension_step_150000.restart,41884666,b3b5541690fd56689cbdd30eec82666e0f8e08931807a94b0c6d2da2f8cc9b8d
zenodo_archive/payload/binary_states/M4_RATIO/R2_seed_41777/M4_RATIO_R2_seed41777_tension_step_200000.restart,41884666,4a34bcc73cced66d036cbe4fade9db333fec650a7fa0a30160436508f521cd3a
zenodo_archive/payload/binary_states/M4_RATIO/R2_seed_41777/M4_RATIO_R2_seed41777_tension_step_250000.restart,41884666,a020d9b514928fc0765eb9ecd62cb730d1e3540b51368345d851bff58ecfca4c
zenodo_archive/payload/binary_states/M4_RATIO/R2_seed_41777/M4_RATIO_R2_seed41777_tension_step_50000.restart,41884666,51aca4a67eb48c8ebc22e7b9e31553d8da9b7053f3c29ab503acab6844d4410f
zenodo_archive/payload/binary_states/M4_RATIO/R3_seed_52891/M4_RATIO_R3_seed52891_equilibrated.data,65010853,ab29505e58891a9686ea8259ca5f879c198203f4a51a74c24c1359fc45ddf92c
zenodo_archive/payload/binary_states/M4_RATIO/R3_seed_52891/M4_RATIO_R3_seed52891_final.data,65067254,029ab729ccdb6b8d35112b3f70ff84b2caf60353e2d24a0bb62ab645cf8b36cd
zenodo_archive/payload/binary_states/M4_RATIO/R3_seed_52891/M4_RATIO_R3_seed52891_final.restart,41882871,06aa61f897793217de5e9559a91562a3da68c8c6697f9153adbed35b09fa0fd7
zenodo_archive/payload/binary_states/M4_RATIO/R3_seed_52891/M4_RATIO_R3_seed52891_tension_step_100000.restart,41884666,04f9cf47469e0311a27776c1b710b96ddc382eb7ebcba29783e8fa0bdbb70822
zenodo_archive/payload/binary_states/M4_RATIO/R3_seed_52891/M4_RATIO_R3_seed52891_tension_step_150000.restart,41884666,82d66308d6c147bb42750a3e96a9fc8ce603625ca4cfccb702f23066311db178
zenodo_archive/payload/binary_states/M4_RATIO/R3_seed_52891/M4_RATIO_R3_seed52891_tension_step_200000.restart,41884666,092cb9ce2d11c3ab44a83f864748e0d9c70d18b369687bfda91191622cb7a619
zenodo_archive/payload/binary_states/M4_RATIO/R3_seed_52891/M4_RATIO_R3_seed52891_tension_step_250000.restart,41884666,f046a13db6ea3fae8769207596087a2dff70c5fc951a1d9a711492924f3824dc
zenodo_archive/payload/binary_states/M4_RATIO/R3_seed_52891/M4_RATIO_R3_seed52891_tension_step_50000.restart,41884666,29832251bdaa4bbf25cd1b4bc8ea75ba8201fc37efc3f08c14874aa78c058715
zenodo_archive/payload/binary_states/M4_SYM/R1_seed_9520510/M4_SYM_R1_seed9520510_equilibrated.data,65677770,703c50cef52c78fd44b3f790ae6f89bebe11baf7001f40a1b9e84589b22390bc
zenodo_archive/payload/binary_states/M4_SYM/R1_seed_9520510/M4_SYM_R1_seed9520510_final.data,65744543,2287c660a2941d087db466717f225892e573fac042ea939a9e906fbd773b7acb
zenodo_archive/payload/binary_states/M4_SYM/R1_seed_9520510/M4_SYM_R1_seed9520510_final.restart,42306679,5c21231728d7c049e4e2be4efc0965b9974cde0f1a69fbcb1fd5b2364b74b3d1
zenodo_archive/payload/binary_states/M4_SYM/R1_seed_9520510/M4_SYM_R1_seed9520510_tension_step_100000.restart,42308474,4a06aea5698b96c39fa7744ac722c12f69910b774405bec0dc0a6333061766e6
zenodo_archive/payload/binary_states/M4_SYM/R1_seed_9520510/M4_SYM_R1_seed9520510_tension_step_150000.restart,42308474,5bf8700204d84502cac0a7cf214cadc4d47ef5222be38a2910a2073221d07e24
zenodo_archive/payload/binary_states/M4_SYM/R1_seed_9520510/M4_SYM_R1_seed9520510_tension_step_200000.restart,42308474,07677e590b8a45e4e2446d139d73401ff9266d6fe0ab2edf2cc37529e722ff89
zenodo_archive/payload/binary_states/M4_SYM/R1_seed_9520510/M4_SYM_R1_seed9520510_tension_step_250000.restart,42308474,b3e9bf1bfc29de7df35f50e424deb73ef078b193898b94d4ef5f640dd9ef9f73
zenodo_archive/payload/binary_states/M4_SYM/R1_seed_9520510/M4_SYM_R1_seed9520510_tension_step_50000.restart,42308474,61b1ccd51e560f797ac8c149b237c875de1bf576b5ae765c70604d8f0761a0ec
zenodo_archive/payload/binary_states/M4_SYM/R2_seed_63997/M4_SYM_R2_seed63997_equilibrated.data,65678895,ae29562339ac5c3f3b9600af1075a2930ceabd5e5d7bedfaae78b580a7751a84
zenodo_archive/payload/binary_states/M4_SYM/R2_seed_63997/M4_SYM_R2_seed63997_final.data,65727972,c6adfdf6e2ad210ba6f46ba2bb221e60830aa535ae2b61d1980233f211993a1b
zenodo_archive/payload/binary_states/M4_SYM/R2_seed_63997/M4_SYM_R2_seed63997_final.restart,42306679,fa9856a2e9ae33614877b117901e998b7964609505e6e6d8748f96be62074458
zenodo_archive/payload/binary_states/M4_SYM/R2_seed_63997/M4_SYM_R2_seed63997_tension_step_100000.restart,42308474,bc9098fd3c9bf4edbed66a0b7e88185a51eb0c01a6528cba16f7060c55d2696c
zenodo_archive/payload/binary_states/M4_SYM/R2_seed_63997/M4_SYM_R2_seed63997_tension_step_150000.restart,42308474,9135a4dddc2b3ad9f47f2749e479848fe0857c85980568a017956798aaa3c675
zenodo_archive/payload/binary_states/M4_SYM/R2_seed_63997/M4_SYM_R2_seed63997_tension_step_200000.restart,42308474,4653d88d92760d67b48ea24e367a21467d8092ff8ea09f544155ba28c4749350
zenodo_archive/payload/binary_states/M4_SYM/R2_seed_63997/M4_SYM_R2_seed63997_tension_step_250000.restart,42308474,ec01523d65854d453a2bca8ac0c9fa2a7c6498b3f6a42072a3f7b7f1d8c21fb6
zenodo_archive/payload/binary_states/M4_SYM/R2_seed_63997/M4_SYM_R2_seed63997_tension_step_50000.restart,42308474,8391919a7ea30bf200aaa36cb51cd1a7377e71729ee1eb063d241029ac838579
zenodo_archive/payload/binary_states/M4_SYM/R3_seed_74131/M4_SYM_R3_seed74131_equilibrated.data,65676610,b11c5cc2e7bfff460418d6279847d3ec727ba12d6d9370e0b29a22565e908e77
zenodo_archive/payload/binary_states/M4_SYM/R3_seed_74131/M4_SYM_R3_seed74131_final.data,65733854,9115ef5bb2b91ac5cbc4cfa3995fea047ad92d2cdc28b6e88562203a24b248fd
zenodo_archive/payload/binary_states/M4_SYM/R3_seed_74131/M4_SYM_R3_seed74131_final.restart,42306679,bd646d21f143e83bd908eff276639922fd3a11ea945400f47293407f9a5cc2dd
zenodo_archive/payload/binary_states/M4_SYM/R3_seed_74131/M4_SYM_R3_seed74131_tension_step_100000.restart,42308474,fbf9d5158eec63723f747b058b8e7940890ba44b39afe6bd6af1c143533feca2
zenodo_archive/payload/binary_states/M4_SYM/R3_seed_74131/M4_SYM_R3_seed74131_tension_step_150000.restart,42308474,3c2c409738de1a17073d9ebb17ecf5e5072760df879a931596dd3145b81d818d
zenodo_archive/payload/binary_states/M4_SYM/R3_seed_74131/M4_SYM_R3_seed74131_tension_step_200000.restart,42308474,dbf3333a1777d20560ecdf53c3d3e9537a15ecaeedcead85699fff856dbaaf22
zenodo_archive/payload/binary_states/M4_SYM/R3_seed_74131/M4_SYM_R3_seed74131_tension_step_250000.restart,42308474,c7d5f7abfee80a93c54ac3ed10be229a92c454834f6acc7ddcf34f3ea7643dad
zenodo_archive/payload/binary_states/M4_SYM/R3_seed_74131/M4_SYM_R3_seed74131_tension_step_50000.restart,42308474,e6298e9334f67de188d8c8c4b66754e87aad1a67a3e50894b8dc01ac97a8fa96
zenodo_archive/payload/code/analysis/candidate_localization/04_pe_d2min_overlap_analysis.py,3154,3c8bac56128dbbaee8f43676ed2f04e4f59931309a1ed16804c4bd25e6a6e30c
zenodo_archive/payload/code/analysis/cluster/01_damage_cluster_batch2.py,17781,4b138d8fd4c07bde616c16f6454c18d49b7aa9188d112d10fcb4875ff55f3211
zenodo_archive/payload/code/analysis/DXA/run_fig7_stage1_dxa_pilot.py,28638,3f8a2ad9d1770f3ee3b2f365fa971b7350103ed9698d3ed89af2e40d0754df5a
zenodo_archive/payload/code/analysis/mechanical/audit_sigma15_grid_f50.py,9523,65716d9af1c58114ebd865c16c9ae0c3d94af87de3f9a0ca9bb7b948a9e61147
zenodo_archive/payload/code/analysis/mechanical/extract_mechanical_metrics.py,8354,85b1114b42a46b254fc51c8f2b9007c123a8be8926e2d78d9dec15015572fb00
zenodo_archive/payload/code/analysis/mechanical/extract_n3_metrics_local.py,12533,959d8d6c0ed072ddd16ec0895581b90f80574ac664137acea2314e24c77e8ece
zenodo_archive/payload/code/analysis/mechanical/f50_contract.py,3553,4510e906cd040046f54cedc38053cb1cf251f17714bcda119e6afb3be58b1361
zenodo_archive/payload/code/analysis/plotting/export_fig5.py,1046,8bb65bf3c40dd136d9b6da3957def2e5ebf74e1133373ae4b1a479deb1362e3e
zenodo_archive/payload/code/analysis/plotting/Fig1_R2_rebuild_source.py,10530,966e20d3c106c7f7186453b1801db25fe1818f59abee15392b7a35356f1166d8
zenodo_archive/payload/code/analysis/plotting/Fig2_n3_build.py,12339,408a6b5a60800dac8118465db54d98651faed285d00d50080c92d5ebf0ef0492
zenodo_archive/payload/code/analysis/plotting/Fig3_panel_g_replot_script.py,164,bb2de018c0536f4e79653b7b5ef35c9e0ade3be6d468c038f61022893689e509
zenodo_archive/payload/code/analysis/plotting/Fig4_panel_g_replot_script.py,164,bb2de018c0536f4e79653b7b5ef35c9e0ade3be6d468c038f61022893689e509
zenodo_archive/payload/code/analysis/plotting/Fig6_quant_replot_script.py,660,91262a6b40125f494ca671df4bc72efc4ac81db06d40b557df77778ffd82899a
zenodo_archive/payload/code/analysis/plotting/Fig7_quant_replot_script.py,660,061a2bc7ccfbc451472ea41df653c5f6923e8b9439e8850939334b46c1c336bc
zenodo_archive/payload/code/analysis/PTM/extract_fig6_stage2A_dense_metric.py,6644,8a5a85cfc4ffde47b8777ee4e46a78255634497315c6ff20275a782178baf885
zenodo_archive/payload/code/analysis/PTM/render_fig6_stage2A_schemeA_50A.py,6810,456b63c6af574bfc14a73bed412555baecb093b22a215a4faf753cd40af08150
zenodo_archive/payload/code/analysis/SCRIPT_INDEX.csv,2873,11578e16933671b2c1916d9291f18e866384554f429566f28ab885b051bcf393
zenodo_archive/payload/code/analysis/SCRIPT_INDEX.md,2855,d10ddf5bb6f912746616500cf648847e703d3944753a29846dee0af13f83aed7
zenodo_archive/payload/code/model_construction/M4_RATIO/01_design_ratio_geometry.py,6470,a14ad19eebd34e8c5817eb522a6a886c6ff45d84216e8e9922e9c673cae0f3a1
zenodo_archive/payload/code/model_construction/M4_RATIO/02_build_M4_SYM_RATIO_atomsk.py,16153,b1fb0e9e6152505684bfb4688a9d28721a6cb8abdc37641cd93b6349e4d7cec1
zenodo_archive/payload/code/model_construction/M4_RATIO/_m4_sym_ratio_utils.py,16141,20c0e1b2923963ec805f0a96d1dfb951b9d2710b8d38084a9df6959f7ca35905
zenodo_archive/payload/code/model_construction/M4_RATIO/build_main_models.py,21083,eb7af4769912e19713d60403e1fd1e560da19abb7fd640905ad81d03d45df0d5
zenodo_archive/payload/code/SCRIPT_INDEX.md,2855,d10ddf5bb6f912746616500cf648847e703d3944753a29846dee0af13f83aed7
zenodo_archive/payload/figure_source_data/Fig1/plot_scripts/Fig1_R2_ovito_render.py,10188,20d934a5eae2ecacb7c4c6ab7b134facf43fa2c1fa500fe565db0b3b36c84e69
zenodo_archive/payload/figure_source_data/Fig1/plot_scripts/Fig1_R2_rebuild_source.py,10530,966e20d3c106c7f7186453b1801db25fe1818f59abee15392b7a35356f1166d8
zenodo_archive/payload/figure_source_data/Fig1/processed_data/Fig1_model_metadata.csv,1124,3825696e15c563e135e134d9aabd41da328a61e54c20cd1f085532e7329f6f52
zenodo_archive/payload/figure_source_data/Fig1/raw_data/Fig1_source_manifest.md,1389,989da83a6933342b03edb800d26d16137ce72faa03c36896225bf27112b97ace
zenodo_archive/payload/figure_source_data/Fig1/raw_data/Fig1_v2_1_micro_polish.ovito,38993,bc2a2f3a97dcdec5bf85f97a6c58ddeefeaaaefdf59f17f218f7dca901458bc9
zenodo_archive/payload/figure_source_data/Fig1/raw_data/M3_SYM_verticalZ_raw.png,3898626,faefc9e5163cfee62f05913566b34ef4705186b33e365b0e68325f8137f05d8c
zenodo_archive/payload/figure_source_data/Fig1/raw_data/M4_LIT_verticalZ_raw.png,3125965,b5b28af7f98ac2821fabd9decc1576c839ab33267e3acdbbda68e9ad94ad86f4
zenodo_archive/payload/figure_source_data/Fig1/raw_data/M4_RATIO_verticalZ_raw.png,4066510,72bf0341ed26fac384e7f010600fa094be9dad7420dc7aa533a0ffaea69ec9d9
zenodo_archive/payload/figure_source_data/Fig1/raw_data/M4_SYM_verticalZ_raw.png,4025033,7a206d18523c674be0f970e10cf8fae96ecf905af67c362d3f8e98ec60dc12d6
zenodo_archive/payload/figure_source_data/Fig1/raw_data/MODEL_DATA_LOCATION.md,162,53d8a0a4948fe59e44e085118849e8d8f08ab2265efac69d986a76d944a54c90
zenodo_archive/payload/figure_source_data/Fig1/raw_data/render_metadata_v2.json,5088,959f0d3c26aca14b69ce3a4a344a4d12bf9aa19540fd6fa63f41b3447f8114e5
zenodo_archive/payload/figure_source_data/Fig2/plot_scripts/Fig2_n3_build.py,12339,408a6b5a60800dac8118465db54d98651faed285d00d50080c92d5ebf0ef0492
zenodo_archive/payload/figure_source_data/Fig2/processed_data/Fig2_n3_source_manifest.csv,3330,18b880d845e7ed7fba0808d98878e990b5fb9a362637c4782e98ec5b49b035e0
zenodo_archive/payload/figure_source_data/Fig2/processed_data/Fig2_n3_summary_values.csv,1584,21e96d1ce2759cf99d04808d8fe02fce9b6fde08b5f9027ddcf161b461604a02
zenodo_archive/payload/figure_source_data/Fig2/raw_data/M3_SYM_R1_seed3847291_tension_stress_strain.dat,510263,ae24f3a7c6451d737245599cd56632291b3bf7bc1950ab6064d0dd001107c6e7
zenodo_archive/payload/figure_source_data/Fig2/raw_data/M3_SYM_R2_seed28471_full_stress_strain.dat,543352,0e25b91b177c376b05974297c5cb5fda48e29e7479fd3fd8807e65a594365ba1
zenodo_archive/payload/figure_source_data/Fig2/raw_data/M3_SYM_R3_seed39581_full_stress_strain.dat,542697,cc9d36e82b089835437e2b89cd0fbfa5edd1618685c8e420152149bd11446723
zenodo_archive/payload/figure_source_data/Fig2/raw_data/M4_RATIO_R1_seed4928459_tension_stress_strain.dat,543004,f6d082815c8c162b943684a0620d37771bed5c9a02c0884515db8c9327b582e4
zenodo_archive/payload/figure_source_data/Fig2/raw_data/M4_RATIO_R2_seed41777_tension_stress_strain.dat,543313,3d63035551563a313e256754552642e121ffceffc66ef328dceeea1c0725201c
zenodo_archive/payload/figure_source_data/Fig2/raw_data/M4_RATIO_R3_seed52891_tension_stress_strain.dat,542417,4197080df4a42f8cc479bcdece791b029fe7273276d1a9742840e8a865df48a2
zenodo_archive/payload/figure_source_data/Fig2/raw_data/M4_SYM_R1_seed9520510_tension_stress_strain.dat,543543,bd43769463bc6a8c41e9c1bc1121dd1122678d1aa285ef73e366c4514c6051fc
zenodo_archive/payload/figure_source_data/Fig2/raw_data/M4_SYM_R2_seed63997_tension_stress_strain.dat,542833,9f4eec8826dec98191a77473f54eed9af827d8bb5448d5b6d2dd3ee29fe3dfc1
zenodo_archive/payload/figure_source_data/Fig2/raw_data/M4_SYM_R3_seed74131_tension_stress_strain.dat,542772,c84711e00a7a758968788e68258fcf2ae658b27f1da45650b53bb601bb305ed9
zenodo_archive/payload/figure_source_data/Fig3/plot_scripts/Fig3_panel_g_replot_script.py,164,bb2de018c0536f4e79653b7b5ef35c9e0ade3be6d468c038f61022893689e509
zenodo_archive/payload/figure_source_data/Fig3/processed_data/Fig3_overlap_metric_data.csv,17701,e4bf20214075d5eee67e2ef63917e839b2d2f5fb85983e4b763cb86bc50f6643
zenodo_archive/payload/figure_source_data/Fig3/processed_data/Fig3_panel_g_replot_source.csv,7803,b43fdf50f0786fc74adbc5a7ef112944bf2b1a766cc1258dd95baa74e9173d02
zenodo_archive/payload/figure_source_data/Fig3/processed_data/Fig3_snapshot_manifest.csv,3086,9feb853cda20be4d6a59362351d6485437b0e56549e842c540580f70cc5b25f7
zenodo_archive/payload/figure_source_data/Fig3/raw_data/Fig3_extraction_manifest.json,1832,581b899969449f0be4b14778cba63e3917a98f7384504ac3b9b2dab77c0f3360
zenodo_archive/payload/figure_source_data/Fig3/raw_data/Fig3_points_M3_SYM_15pct.npz,1019598,20e20692bdfa5f277ae8e0d1e66f978ada4bbcba6ea6eca7369bf6f6fa226f75
zenodo_archive/payload/figure_source_data/Fig3/raw_data/Fig3_points_M3_SYM_F50.npz,1018907,fedb24070d58de594440c8359a28956889124c987d1bb64e3c26755041303b42
zenodo_archive/payload/figure_source_data/Fig3/raw_data/Fig3_points_M3_SYM_initial.npz,961200,3e7ec32fe5630d53bf7713adbefe470851d981d06fba64970005d96db17eb3a1
zenodo_archive/payload/figure_source_data/Fig3/raw_data/Fig3_points_M4_RATIO_15pct.npz,1072247,050d9f4687f6be3b3e5ea8d403883a2b46fc7c42694b8ac5e28c580d9d547545
zenodo_archive/payload/figure_source_data/Fig3/raw_data/Fig3_points_M4_RATIO_F50.npz,1002444,83f4df0a8d9f5f4433fb65de9420d4a81d7e0d6482704b90d19d43f94bf59a1c
zenodo_archive/payload/figure_source_data/Fig3/raw_data/Fig3_points_M4_RATIO_initial.npz,1005662,5e141b4b3e773ca363aad4a273eba67cfd08cdd8adf623bb4534867e440eb892
zenodo_archive/payload/figure_source_data/Fig3/raw_data/Fig3_points_M4_SYM_15pct.npz,1079347,f6de4d7d002076f4e82a7a831e1fc9679b216579d9bbd4caadf0e8a1edbd807f
zenodo_archive/payload/figure_source_data/Fig3/raw_data/Fig3_points_M4_SYM_F50.npz,1054041,ba8ce5e3ec6b0ee98645904dcc7b421f5da2235a800b18d67ef36e2e21841f62
zenodo_archive/payload/figure_source_data/Fig3/raw_data/Fig3_points_M4_SYM_initial.npz,1010065,1c5e91cbb22af512ac4e43e24ec13bce8aa9e5744ecc4bea23cfdbad105121bb
zenodo_archive/payload/figure_source_data/Fig4/plot_scripts/Fig4_panel_g_replot_script.py,164,bb2de018c0536f4e79653b7b5ef35c9e0ade3be6d468c038f61022893689e509
zenodo_archive/payload/figure_source_data/Fig4/processed_data/Fig4_metric_data_final.csv,42234,7299d583c5ac249d2c3ab6fe5659bcdc3bcddd44c00bfa8ba2aba40a04235772
zenodo_archive/payload/figure_source_data/Fig4/processed_data/Fig4_panel_g_replot_source.csv,18493,50fd92b360dee38d0c01fc4e981d4a66d79e56cd6372dc5853da77a73220471b
zenodo_archive/payload/figure_source_data/Fig4/processed_data/Fig4_snapshot_manifest_final.csv,2241,dac5268638d50f12ea2bbde234e9b7d36c1cd31281990a5db13fc56f9e655f19
zenodo_archive/payload/figure_source_data/Fig4/raw_data/Fig4_source_data_manifest.json,1646,405808779b7253cac18e7e4178ef299010865259cbad9d9cb8d23831cde77c51
zenodo_archive/payload/figure_source_data/Fig4/raw_data/Fig4_stage2_points_M3_SYM_15pct.npz,1767367,f0e5a4ed3d1e60dcb195b2ed966ba3c378b36adddf4084b7eb5d4ac2d6274674
zenodo_archive/payload/figure_source_data/Fig4/raw_data/Fig4_stage2_points_M3_SYM_F50.npz,1816838,67877efd261a0ac22567e46be6db3d4acacb3abbb42aaf647966f48a26102188
zenodo_archive/payload/figure_source_data/Fig4/raw_data/Fig4_stage2_points_M4_RATIO_15pct.npz,1858082,1d53fd1f8d339897e4d3d3be5e5f59deac7d1b7fb8139e687adcd970499d82c6
zenodo_archive/payload/figure_source_data/Fig4/raw_data/Fig4_stage2_points_M4_RATIO_F50.npz,1805691,c09455c590469ea944dafdfe0a4eb6012c32c6216941c69a81285a97cfc04ec5
zenodo_archive/payload/figure_source_data/Fig4/raw_data/Fig4_stage2_points_M4_SYM_15pct.npz,1870675,b5ec9df71bdb399ac5d4e8f37c232dd6092e849ad309cc70b125da429c0362df
zenodo_archive/payload/figure_source_data/Fig4/raw_data/Fig4_stage2_points_M4_SYM_F50.npz,1869381,a406f3727e456586f91b2d3f6e22ff49525d6cfb2078086f23c16f4e8e54d4c7
zenodo_archive/payload/figure_source_data/Fig5/plot_scripts/export_fig5.py,1046,8bb65bf3c40dd136d9b6da3957def2e5ebf74e1133373ae4b1a479deb1362e3e
zenodo_archive/payload/figure_source_data/Fig5/processed_data/Fig3_overlap_metric_data.csv,17701,e4bf20214075d5eee67e2ef63917e839b2d2f5fb85983e4b763cb86bc50f6643
zenodo_archive/payload/figure_source_data/Fig5/processed_data/Fig4_metric_data_final.csv,42234,7299d583c5ac249d2c3ab6fe5659bcdc3bcddd44c00bfa8ba2aba40a04235772
zenodo_archive/payload/figure_source_data/Fig5/processed_data/Fig6_quant_replot_source.csv,4137,fca78b9c52baac9d311169865738dc9c4e0909b96a91b56784fcc83188d972e1
zenodo_archive/payload/figure_source_data/Fig5/processed_data/Fig7_quant_replot_source.csv,2071,c6f9d9ae4c0e9df2652234bda7674605c58d06d88bb99e27a43ff87ad77dd969
zenodo_archive/payload/figure_source_data/Fig5/processed_data/n3_summary_local.csv,1620,3e8843bc0e63992cf532c8c41fa9d171d9edc16cd692ec0b4fd883f047543978
zenodo_archive/payload/figure_source_data/Fig5/raw_data/Fig5_n3_editable_source.svg,32863,75cdca4e8742d7f01e2f18380fed674942cb55bc8efb0f6f0a4e17a041bd31d0
zenodo_archive/payload/figure_source_data/Fig5/raw_data/FIG5_UPDATE_AUDIT.md,581,6a66218c42f8860355d180a45c596605144be8f989e69a5fcc83c6576278b42a
zenodo_archive/payload/figure_source_data/Fig5/README.md,270,8a8b259f4878414b5e248755554d3a395108f83d31d76fa0cc7f2d7944b8ae5e
zenodo_archive/payload/figure_source_data/Fig6/plot_scripts/Fig6_quant_replot_script.py,660,91262a6b40125f494ca671df4bc72efc4ac81db06d40b557df77778ffd82899a
zenodo_archive/payload/figure_source_data/Fig6/processed_data/Fig6_quant_replot_source.csv,4137,fca78b9c52baac9d311169865738dc9c4e0909b96a91b56784fcc83188d972e1
zenodo_archive/payload/figure_source_data/Fig6/processed_data/Fig6_stage2A_dense_metric_schemeA.csv,4137,fca78b9c52baac9d311169865738dc9c4e0909b96a91b56784fcc83188d972e1
zenodo_archive/payload/figure_source_data/Fig6/raw_data/Fig6_stage2A_schemeA_M3_SYM_15pct_50A.png,2825040,053a4c68810efcfd756ec289597dedd5afb2c1ec9afa7b8d211ec286d011b3ff
zenodo_archive/payload/figure_source_data/Fig6/raw_data/Fig6_stage2A_schemeA_M3_SYM_F50_50A.png,2954298,62ec947dc685b0bc148d51acde68ee1070ff610d2b3552ed11c1ad93ed8e176b
zenodo_archive/payload/figure_source_data/Fig6/raw_data/Fig6_stage2A_schemeA_M3_SYM_initial_50A.png,2506844,fdc537fc6522cc16c961c4a70e193aaad9abd10920388aa06dedf223d7dec6a9
zenodo_archive/payload/figure_source_data/Fig6/raw_data/Fig6_stage2A_schemeA_M4_RATIO_15pct_50A.png,2937671,601c192dda7ac3822de1f92df489b560cbd0f01b1ace16633030cce3abff6bfb
zenodo_archive/payload/figure_source_data/Fig6/raw_data/Fig6_stage2A_schemeA_M4_RATIO_F50_50A.png,2601596,9ce33c6cc989f3721de749a51f18b3cb4906a87a815a02a9ff2951dbf680d3ad
zenodo_archive/payload/figure_source_data/Fig6/raw_data/Fig6_stage2A_schemeA_M4_RATIO_initial_50A.png,2573790,f3b8496cfc2877e51e1a35b7ca8bfa46310a94ff1ecdaf03bf397a2f0051d9cc
zenodo_archive/payload/figure_source_data/Fig6/raw_data/Fig6_stage2A_schemeA_M4_SYM_15pct_50A.png,2939548,0977fe04cdb281ca5815cae9c2382040296b3ea489d7727003d0b66e69318b65
zenodo_archive/payload/figure_source_data/Fig6/raw_data/Fig6_stage2A_schemeA_M4_SYM_F50_50A.png,2883774,da04f80760218321f64c82c15cd2d31cbfc152cd4ae62edd36ab08aaf5f561a1
zenodo_archive/payload/figure_source_data/Fig6/raw_data/Fig6_stage2A_schemeA_M4_SYM_initial_50A.png,2528743,ce0e02f3a4f217dfd14e81addfa055ee3d2fd032d32b3b7c17ee25593bcd9d71
zenodo_archive/payload/figure_source_data/Fig6/raw_data/Fig6_stage2A_schemeA_render_metadata.json,9133,edb9fb43c5929f0d940800940fdfa210a2664df9b2d8d626045e3d4340244193
zenodo_archive/payload/figure_source_data/Fig6/raw_data/source_manifest_final_dense.json,1856,f27033c3c3997095be6e815c33538531e7456c1cbf407f2acb9ae2e3f338cf5f
zenodo_archive/payload/figure_source_data/Fig7/plot_scripts/Fig7_quant_replot_script.py,660,061a2bc7ccfbc451472ea41df653c5f6923e8b9439e8850939334b46c1c336bc
zenodo_archive/payload/figure_source_data/Fig7/processed_data/Fig7_quant_replot_source.csv,2071,c6f9d9ae4c0e9df2652234bda7674605c58d06d88bb99e27a43ff87ad77dd969
zenodo_archive/payload/figure_source_data/Fig7/processed_data/Fig7_stage1_DXA_metric_preview.csv,3895,802e38cde16f7ae0710dc7ef5e470818baebd8f27ca65d3129d2a023bd748b2c
zenodo_archive/payload/figure_source_data/Fig7/raw_data/Fig7_source_data_manifest.json,13215,cfd01419eb0efab27f146063d8a68e541d47779c958c83bd333831daf2fff31e
zenodo_archive/payload/figure_source_data/Fig7/raw_data/Fig7_stage1_DXA_M3_SYM_15pct.png,1402592,24c840c51dfe2a71c0941da3b4ead1f0b20cdd9a108b7c696417ead00e638518
zenodo_archive/payload/figure_source_data/Fig7/raw_data/Fig7_stage1_DXA_M3_SYM_F50.png,1417014,cd3f8124d3fa494c65f310c5967ab4868ddcffda39b17f2e74256efc7bf73921
zenodo_archive/payload/figure_source_data/Fig7/raw_data/Fig7_stage1_DXA_M3_SYM_initial.png,993807,26c91b9ff52e36a36f0206a6a3d8cff2743eb7d32b99f7dfe68a32e88937a6ac
zenodo_archive/payload/figure_source_data/Fig7/raw_data/Fig7_stage1_DXA_M4_RATIO_15pct.png,1361796,e600b182b655bd75cf736c027af85959dc09a4e51d98d606c1a30423b54d95be
zenodo_archive/payload/figure_source_data/Fig7/raw_data/Fig7_stage1_DXA_M4_RATIO_F50.png,1385536,8beca64dae5c30e3304e4bc37e8b8a757666c94f5b65ef698831776de6be105c
zenodo_archive/payload/figure_source_data/Fig7/raw_data/Fig7_stage1_DXA_M4_RATIO_initial.png,1029532,7d20a5891b128cb65724f25cb86b0c4c1b34579af76df446ed5a753425ba4268
zenodo_archive/payload/figure_source_data/Fig7/raw_data/Fig7_stage1_DXA_M4_SYM_15pct.png,1357076,826134157d2801c038a09fbf23a789279a63a97def9a8aee27ccc216117e6e70
zenodo_archive/payload/figure_source_data/Fig7/raw_data/Fig7_stage1_DXA_M4_SYM_F50.png,1361168,fcc6d4b321c8ddefc64e4388fafc1925e808b3489a8b4a3a8c97f4663e7f1bdb
zenodo_archive/payload/figure_source_data/Fig7/raw_data/Fig7_stage1_DXA_M4_SYM_initial.png,943503,15b98ac8fc40035d11942438cafc1aa92cc1f6c3234c2f48480e5b02ef2709b3
zenodo_archive/payload/figure_source_data/FIGURE_SOURCE_COVERAGE.csv,167,c25e58f8b6829cafbbd1f52391a98b766ec419e4eb88d8e67d96779ded39c8ee
zenodo_archive/payload/inputs/INPUT_FILE_INDEX.csv,1832,35ba2e9eadfac48c38c8d21c29d7805298a08f6ace8e3c2fd2128dfdcb8e1bdd
zenodo_archive/payload/inputs/M3_SYM/equilibration_300K_NPT_NVT.lmp,1216,23aa5c58687d2706578ec91a980699e250b819211b76a5d074a5d5a765b4d6bc
zenodo_archive/payload/inputs/M3_SYM/minimization.lmp,884,5f5df39ba6ac208e3043b68f7ff7f9e78c8c5599b53f3b6eb1cce1cba436f3c1
zenodo_archive/payload/inputs/M3_SYM/tension.lmp,2153,152252ab49fc8c1f72771fa8a214c384a2a2b5b672e525463982986429dfae7f
zenodo_archive/payload/inputs/M4_LIT/equilibration_300K.lmp,1081,1471a592407c1aa1e1002d35c2addef2208df9257dbd1b71cd268b026bb3a53a
zenodo_archive/payload/inputs/M4_LIT/minimization.lmp,885,c9fbb8f505ec87a85f65d4b3f9ec1475e1eabe050ba8ec4a10fb51c0f776949f
zenodo_archive/payload/inputs/M4_LIT/tension.lmp,2128,b37322975d55a53dfefc50232da85cd15eff285f9089f663bcb9a1afd2911e9f
zenodo_archive/payload/inputs/M4_RATIO/equilibration_300K_NPT_NVT.lmp,1242,b1c4e8eab7734b274d73acf968577743a75d0c683f4f5f95c8a268f3dec46a79
zenodo_archive/payload/inputs/M4_RATIO/minimization.lmp,846,7bfd287ea74b14ee17adf899b47d4b0f09fa6efba31b1cd17b17dde034e08dcf
zenodo_archive/payload/inputs/M4_RATIO/tension.lmp,2185,ead662a79a8956c6df45057066fe989a816b404325ee189c3756e412b732d915
zenodo_archive/payload/inputs/M4_SYM/equilibration_300K_NPT_NVT.lmp,1216,f9b8945230a2417528e3f32d8f41fc8e44f6ce50d127df729181945fcd6427a0
zenodo_archive/payload/inputs/M4_SYM/minimization.lmp,886,480bc1da422bd9d048158f0fbc3145dd523f5ed4f3e72174ece35247067dad8a
zenodo_archive/payload/inputs/M4_SYM/tension.lmp,2153,80550b9fea10b4d9405aaadfa6bd4da59b0ebe5a99b503752f054a5706bcf4f6
zenodo_archive/payload/inputs/production/independent_seed_equilibration_tension.lmp,4156,f1e02f9a7161943d5defa8d73568320854cc3db5df192eb155b69b44b124d3cd
zenodo_archive/payload/inputs/README.md,293,a0b4456a953be9e11d77943ab4b72cf0404db10d0153faa112e02c6abc9bef76
zenodo_archive/payload/metadata/BINARY_STATE_SUMMARY.csv,493,1011f225787cd91750d78c34495ac25425297ea812892139076be5ee678a5111
zenodo_archive/payload/metadata/CITATION.cff,1028,9bb1e817cfe68cb11c65ddb5d5f876ef20bd20609f16ad8111a81185e82874c7
zenodo_archive/payload/metadata/DATA_AVAILABILITY_STATEMENT.md,1145,d145d128dcede6cd3eddf140f034c2c59754c2eaadae7dc752f0e39db11ba8df
zenodo_archive/payload/metadata/DATA_SCOPE.md,1378,d31259e3dc4871456ef9eaf24e7d073917da7a0c2dbf09fa1adc84d445e19ab2
zenodo_archive/payload/metadata/FINAL_STATE_COMPLETION_AUDIT.csv,4682,95133bc92576851e2614e481f976c8af09f9c33d0538654811f4237ef3a841df
zenodo_archive/payload/metadata/KNOWN_LIMITATIONS.md,699,ace4fbaab045ea879230cd9cc21cf2a157abcd83613fa5a50d242480d3931720
zenodo_archive/payload/metadata/LICENSE_CODE.txt,1519,65c63564d6c002c1b29d34d7ebb271e12b87c37366d63c05f490da074d0a49be
zenodo_archive/payload/metadata/LICENSE_DATA.txt,19676,3b004b7d6bb2aef10ab85be6bcd02a930d8e7786edc7614cb933801168d69bb1
zenodo_archive/payload/metadata/MODEL_NAME_MAPPING.md,411,e4fdf36b5584f7dbc81a82d6e6455d18d08730838e0084e469c5c7f67718f69a
zenodo_archive/payload/metadata/POTENTIAL_INFORMATION.txt,241,014bf55eeb0e39892597c87221761f6a581ec5d1678df1b09085b277d3250b26
zenodo_archive/payload/metadata/PUBLIC_RELEASE_AUDIT_REPORT.md,2464,9a520693c308ecfedc8f40932a529203ead414390376362c8fb028d258c3121b
zenodo_archive/payload/metadata/README.md,3294,cf093e220603f59ee22ca1e78fd5a2d11eb3cc2087e3e33a8b3f660a9b7e3ca6
zenodo_archive/payload/metadata/REPRODUCIBILITY_GUIDE.md,2038,f6af39f070594166c97e4eea412193ea6cee1ab9b72872c19de9381ef1255cbb
zenodo_archive/payload/metadata/SCIENTIFIC_IMMUTABILITY_CHECK.csv,83958,fbd834739d64f6f7d333b9d21a2385222fcc92a99c887fe2434d7063ed0fa415
zenodo_archive/payload/model_structures/crystallographic_inputs/Al2Cu.cif,2957,2abeda2b05bbd1fa30335571a7b40293ed93152ec4f8647565b2a86e1ea8997c
zenodo_archive/payload/model_structures/crystallographic_inputs/Al4Cu9_full.cif,3448,4afa8cae0d5de9173d402d35974874ff84466727b1b5a876b4739c978a14f323
zenodo_archive/payload/model_structures/crystallographic_inputs/type_mapping_main.txt,52,a39e41da8b5b1b3b89413551baa8e2e70f0fe409a8014e6e4581de725b2cf5be
zenodo_archive/payload/model_structures/M3_SYM/M3_SYM_construction_ready.data,36160880,1b048c0f4ba399d9110a36e61905d5668c387feb1ef8bf18dd67349c654eda17
zenodo_archive/payload/model_structures/M4_LIT/M4_LIT_construction_ready.data,29974550,aabea14631cd6b9c1ad34a1544acf0d7fdea55eeb75d8e6d248560200eb39fb0
zenodo_archive/payload/model_structures/M4_RATIO/M4_RATIO_construction_ready.data,37598816,8e8ef515353a8e5c5c72803658ae631f269b0f2a2c4352e69c4d8015ead0bbda
zenodo_archive/payload/model_structures/M4_SYM/M4_SYM_construction_ready.data,37979304,21034f463d8010e3de86474523501de7d83d77746c4742a731f7dc22fe57378d
zenodo_archive/payload/model_structures/MODEL_METADATA.csv,1196,f6ae62b5a47445aaf5c0ac0a49a464c04bae9097b3b5e13ff1844bb04c0fa016
zenodo_archive/payload/model_structures/MODEL_STRUCTURE_INDEX.csv,757,75b7311b0d878ee95a85e97ecae956b3a89b72d07f5f56bf2bf56e0fd7165fbc
zenodo_archive/payload/processed_data/AUTHORITATIVE_NINE_TRAJECTORIES.csv,1756,4b97913c4346b17e9ec374d3bb868e2ac97a6519ecaa2b50520a4bca2b6702e9
zenodo_archive/payload/processed_data/mechanical/compute_vs_local.csv,9506,82a52f51f789a1052f00514c0b46b61f4bef0195a064f9a05b08d00b839dd7ba
zenodo_archive/payload/processed_data/mechanical/F50_SENSITIVITY_N9.csv,1665,66ad60c71e38d19c5d925ca38bec3d1db1a223be6c03c6355e0a5b88a6b1759b
zenodo_archive/payload/processed_data/mechanical/F50_SENSITIVITY_N9.md,885,43e32b8b16a9aa6e7f944c27594ffc7ea6bf7240a29e906089d01b702534b88a
zenodo_archive/payload/processed_data/mechanical/metrics_per_trajectory_local.csv,5342,3681bf82f82a032e652d2ee763d94de131d86279099f88870af79fd5ad4fd628
zenodo_archive/payload/processed_data/mechanical/n3_summary_local.csv,1620,3e8843bc0e63992cf532c8c41fa9d171d9edc16cd692ec0b4fd883f047543978
zenodo_archive/payload/raw_trajectories/M3_SYM/R1_seed_3847291/M3_SYM_R1_seed3847291_stress_strain.dat,510263,ae24f3a7c6451d737245599cd56632291b3bf7bc1950ab6064d0dd001107c6e7
zenodo_archive/payload/raw_trajectories/M3_SYM/R2_seed_28471/M3_SYM_R2_seed28471_stress_strain.dat,543352,0e25b91b177c376b05974297c5cb5fda48e29e7479fd3fd8807e65a594365ba1
zenodo_archive/payload/raw_trajectories/M3_SYM/R3_seed_39581/M3_SYM_R3_seed39581_stress_strain.dat,542697,cc9d36e82b089835437e2b89cd0fbfa5edd1618685c8e420152149bd11446723
zenodo_archive/payload/raw_trajectories/M4_LIT_topology_reference/M4_LIT_stress_strain.dat,540803,c0b9a4fe1dc154c225041f5af942cdaee04e6638f290014936021f9c80f3a1a7
zenodo_archive/payload/raw_trajectories/M4_RATIO/R1_seed_4928459/M4_RATIO_R1_seed4928459_stress_strain.dat,543004,f6d082815c8c162b943684a0620d37771bed5c9a02c0884515db8c9327b582e4
zenodo_archive/payload/raw_trajectories/M4_RATIO/R2_seed_41777/M4_RATIO_R2_seed41777_stress_strain.dat,543313,3d63035551563a313e256754552642e121ffceffc66ef328dceeea1c0725201c
zenodo_archive/payload/raw_trajectories/M4_RATIO/R3_seed_52891/M4_RATIO_R3_seed52891_stress_strain.dat,542417,4197080df4a42f8cc479bcdece791b029fe7273276d1a9742840e8a865df48a2
zenodo_archive/payload/raw_trajectories/M4_SYM/R1_seed_9520510/M4_SYM_R1_seed9520510_stress_strain.dat,543543,bd43769463bc6a8c41e9c1bc1121dd1122678d1aa285ef73e366c4514c6051fc
zenodo_archive/payload/raw_trajectories/M4_SYM/R2_seed_63997/M4_SYM_R2_seed63997_stress_strain.dat,542833,9f4eec8826dec98191a77473f54eed9af827d8bb5448d5b6d2dd3ee29fe3dfc1
zenodo_archive/payload/raw_trajectories/M4_SYM/R3_seed_74131/M4_SYM_R3_seed74131_stress_strain.dat,542772,c84711e00a7a758968788e68258fcf2ae658b27f1da45650b53bb601bb305ed9
zenodo_archive/payload/supplementary_source_data/compute_vs_local.csv,9506,82a52f51f789a1052f00514c0b46b61f4bef0195a064f9a05b08d00b839dd7ba
zenodo_archive/payload/supplementary_source_data/F50_existing_data_sensitivity.csv,846,d3b5ef988d2b40b152dc4c3b2b7f0dff8b31909021c24efe0f8a7e9a5f3fe357
zenodo_archive/payload/supplementary_source_data/F50_SENSITIVITY_N9.csv,1665,66ad60c71e38d19c5d925ca38bec3d1db1a223be6c03c6355e0a5b88a6b1759b
zenodo_archive/payload/supplementary_source_data/Fig4_metric_data_for_Table_S6.csv,42234,7299d583c5ac249d2c3ab6fe5659bcdc3bcddd44c00bfa8ba2aba40a04235772
zenodo_archive/payload/supplementary_source_data/interface_construction_registry.csv,4313,4096f4bd8ac1232c74945b62a2dd447b94e4c856c37fd56e335f48a55c4f3b4d
zenodo_archive/payload/supplementary_source_data/M4_RATIO_geometry_design.csv,1055,a05b8bb16691792bb9f0df885a72a0b32b2f47563ab3170f30276f8945dcdacb
zenodo_archive/payload/supplementary_source_data/metrics_per_trajectory_local.csv,5342,3681bf82f82a032e652d2ee763d94de131d86279099f88870af79fd5ad4fd628
zenodo_archive/payload/supplementary_source_data/n3_summary_local.csv,1620,3e8843bc0e63992cf532c8c41fa9d171d9edc16cd692ec0b4fd883f047543978
zenodo_archive/payload/supplementary_source_data/potential_property_comparison.csv,7582,be49e08c85587cba7d217388ccfee9fb4be841caf355eda23365d5b85a3d0bb8
zenodo_archive/payload/supplementary_source_data/SUPPLEMENTARY_SOURCE_INDEX.md,693,05a7ca820abe7d81dbd55209bc8a8ac06a131275b5d56e80f6da22773bce73e4
zenodo_archive/payload/supplementary_source_data/thickness_control.csv,460,0ed3732510ed6c44c821bd089e1f686ea0d26011903bcee98a99ce4e6a5b7f89
zenodo_archive/payload/supplementary_source_data/transverse_stress_existing_data.csv,1125,2e2187a84cc4d26e4e33664f4e25c7fa336c41a304e78830e03f5c0f9a468351
zenodo_archive/ZENODO_FILE_INVENTORY.csv,48347,e10aa5d114645fa5ae54e32db14cf286057c988ef149611fe2d819d74421539d
zenodo_archive/ZENODO_METADATA.json,927,a4fe88b5762543cd67418ee7d8d55ece1c7f080754d3256e1c57a31ef5fb8454
zenodo_archive/ZENODO_README.md,591,3aec93d9195247e2fbf47cbabb02a41e12da2a31b2c762ad5f335b6f4b65a2c3
