model,frame_label,frame_index,engineering_strain_pct,selected_al_matrix_atom_count,overlap_candidate_count,largest_full3d_cluster_count,full3d_component_count,largest_candidate_cluster_fraction_pct,largest_cluster_fraction_of_candidates_pct,cluster_cutoff_A,sensitivity_json,metric_definition,threshold_scheme,d2min_threshold_value,deltaPE_threshold_value,source_note
M3_SYM,0,0,0,124128,0,0,0,0,0,4.0,"{""3.5A"": {""component_count"": 0, ""largest_cluster_count"": 0, ""top5"": []}, ""4.0A"": {""component_count"": 0, ""largest_cluster_count"": 0, ""top5"": []}, ""4.5A"": {""component_count"": 0, ""largest_cluster_count"": 0, ""top5"": []}, ""5.0A"": {""component_count"": 0, ""largest_cluster_count"": 0, ""top5"": []}}",largest full-3D overlap-derived candidate cluster atoms / selected Al-matrix atom count x 100,"four-model global P95, 10 A region-band source tables",1420.90587525,0.19979,formal full-3D connected components; snapshots are slab/projection views
M3_SYM,dense,10,1,124128,0,0,0,0,0,4.0,"{""3.5A"": {""component_count"": 0, ""largest_cluster_count"": 0, ""top5"": []}, ""4.0A"": {""component_count"": 0, ""largest_cluster_count"": 0, ""top5"": []}, ""4.5A"": {""component_count"": 0, ""largest_cluster_count"": 0, ""top5"": []}, ""5.0A"": {""component_count"": 0, ""largest_cluster_count"": 0, ""top5"": []}}",largest full-3D overlap-derived candidate cluster atoms / selected Al-matrix atom count x 100,"four-model global P95, 10 A region-band source tables",1420.90587525,0.19979,formal full-3D connected components; snapshots are slab/projection views
M3_SYM,dense,20,2,124128,0,0,0,0,0,4.0,"{""3.5A"": {""component_count"": 0, ""largest_cluster_count"": 0, ""top5"": []}, ""4.0A"": {""component_count"": 0, ""largest_cluster_count"": 0, ""top5"": []}, ""4.5A"": {""component_count"": 0, ""largest_cluster_count"": 0, ""top5"": []}, ""5.0A"": {""component_count"": 0, ""largest_cluster_count"": 0, ""top5"": []}}",largest full-3D overlap-derived candidate cluster atoms / selected Al-matrix atom count x 100,"four-model global P95, 10 A region-band source tables",1420.90587525,0.19979,formal full-3D connected components; snapshots are slab/projection views
M3_SYM,dense,30,3,124128,0,0,0,0,0,4.0,"{""3.5A"": {""component_count"": 0, ""largest_cluster_count"": 0, ""top5"": []}, ""4.0A"": {""component_count"": 0, ""largest_cluster_count"": 0, ""top5"": []}, ""4.5A"": {""component_count"": 0, ""largest_cluster_count"": 0, ""top5"": []}, ""5.0A"": {""component_count"": 0, ""largest_cluster_count"": 0, ""top5"": []}}",largest full-3D overlap-derived candidate cluster atoms / selected Al-matrix atom count x 100,"four-model global P95, 10 A region-band source tables",1420.90587525,0.19979,formal full-3D connected components; snapshots are slab/projection views
M3_SYM,dense,40,4,124128,0,0,0,0,0,4.0,"{""3.5A"": {""component_count"": 0, ""largest_cluster_count"": 0, ""top5"": []}, ""4.0A"": {""component_count"": 0, ""largest_cluster_count"": 0, ""top5"": []}, ""4.5A"": {""component_count"": 0, ""largest_cluster_count"": 0, ""top5"": []}, ""5.0A"": {""component_count"": 0, ""largest_cluster_count"": 0, ""top5"": []}}",largest full-3D overlap-derived candidate cluster atoms / selected Al-matrix atom count x 100,"four-model global P95, 10 A region-band source tables",1420.90587525,0.19979,formal full-3D connected components; snapshots are slab/projection views
M3_SYM,dense,50,5,124128,0,0,0,0,0,4.0,"{""3.5A"": {""component_count"": 0, ""largest_cluster_count"": 0, ""top5"": []}, ""4.0A"": {""component_count"": 0, ""largest_cluster_count"": 0, ""top5"": []}, ""4.5A"": {""component_count"": 0, ""largest_cluster_count"": 0, ""top5"": []}, ""5.0A"": {""component_count"": 0, ""largest_cluster_count"": 0, ""top5"": []}}",largest full-3D overlap-derived candidate cluster atoms / selected Al-matrix atom count x 100,"four-model global P95, 10 A region-band source tables",1420.90587525,0.19979,formal full-3D connected components; snapshots are slab/projection views
M3_SYM,dense,60,6,124128,0,0,0,0,0,4.0,"{""3.5A"": {""component_count"": 0, ""largest_cluster_count"": 0, ""top5"": []}, ""4.0A"": {""component_count"": 0, ""largest_cluster_count"": 0, ""top5"": []}, ""4.5A"": {""component_count"": 0, ""largest_cluster_count"": 0, ""top5"": []}, ""5.0A"": {""component_count"": 0, ""largest_cluster_count"": 0, ""top5"": []}}",largest full-3D overlap-derived candidate cluster atoms / selected Al-matrix atom count x 100,"four-model global P95, 10 A region-band source tables",1420.90587525,0.19979,formal full-3D connected components; snapshots are slab/projection views
M3_SYM,dense,70,7,124128,0,0,0,0,0,4.0,"{""3.5A"": {""component_count"": 0, ""largest_cluster_count"": 0, ""top5"": []}, ""4.0A"": {""component_count"": 0, ""largest_cluster_count"": 0, ""top5"": []}, ""4.5A"": {""component_count"": 0, ""largest_cluster_count"": 0, ""top5"": []}, ""5.0A"": {""component_count"": 0, ""largest_cluster_count"": 0, ""top5"": []}}",largest full-3D overlap-derived candidate cluster atoms / selected Al-matrix atom count x 100,"four-model global P95, 10 A region-band source tables",1420.90587525,0.19979,formal full-3D connected components; snapshots are slab/projection views
M3_SYM,dense,80,8,124128,0,0,0,0,0,4.0,"{""3.5A"": {""component_count"": 0, ""largest_cluster_count"": 0, ""top5"": []}, ""4.0A"": {""component_count"": 0, ""largest_cluster_count"": 0, ""top5"": []}, ""4.5A"": {""component_count"": 0, ""largest_cluster_count"": 0, ""top5"": []}, ""5.0A"": {""component_count"": 0, ""largest_cluster_count"": 0, ""top5"": []}}",largest full-3D overlap-derived candidate cluster atoms / selected Al-matrix atom count x 100,"four-model global P95, 10 A region-band source tables",1420.90587525,0.19979,formal full-3D connected components; snapshots are slab/projection views
M3_SYM,dense,90,9,124128,0,0,0,0,0,4.0,"{""3.5A"": {""component_count"": 0, ""largest_cluster_count"": 0, ""top5"": []}, ""4.0A"": {""component_count"": 0, ""largest_cluster_count"": 0, ""top5"": []}, ""4.5A"": {""component_count"": 0, ""largest_cluster_count"": 0, ""top5"": []}, ""5.0A"": {""component_count"": 0, ""largest_cluster_count"": 0, ""top5"": []}}",largest full-3D overlap-derived candidate cluster atoms / selected Al-matrix atom count x 100,"four-model global P95, 10 A region-band source tables",1420.90587525,0.19979,formal full-3D connected components; snapshots are slab/projection views
M3_SYM,dense,100,10,124128,0,0,0,0,0,4.0,"{""3.5A"": {""component_count"": 0, ""largest_cluster_count"": 0, ""top5"": []}, ""4.0A"": {""component_count"": 0, ""largest_cluster_count"": 0, ""top5"": []}, ""4.5A"": {""component_count"": 0, ""largest_cluster_count"": 0, ""top5"": []}, ""5.0A"": {""component_count"": 0, ""largest_cluster_count"": 0, ""top5"": []}}",largest full-3D overlap-derived candidate cluster atoms / selected Al-matrix atom count x 100,"four-model global P95, 10 A region-band source tables",1420.90587525,0.19979,formal full-3D connected components; snapshots are slab/projection views
M3_SYM,dense,110,11,124128,0,0,0,0,0,4.0,"{""3.5A"": {""component_count"": 0, ""largest_cluster_count"": 0, ""top5"": []}, ""4.0A"": {""component_count"": 0, ""largest_cluster_count"": 0, ""top5"": []}, ""4.5A"": {""component_count"": 0, ""largest_cluster_count"": 0, ""top5"": []}, ""5.0A"": {""component_count"": 0, ""largest_cluster_count"": 0, ""top5"": []}}",largest full-3D overlap-derived candidate cluster atoms / selected Al-matrix atom count x 100,"four-model global P95, 10 A region-band source tables",1420.90587525,0.19979,formal full-3D connected components; snapshots are slab/projection views
M3_SYM,dense,120,12,124128,0,0,0,0,0,4.0,"{""3.5A"": {""component_count"": 0, ""largest_cluster_count"": 0, ""top5"": []}, ""4.0A"": {""component_count"": 0, ""largest_cluster_count"": 0, ""top5"": []}, ""4.5A"": {""component_count"": 0, ""largest_cluster_count"": 0, ""top5"": []}, ""5.0A"": {""component_count"": 0, ""largest_cluster_count"": 0, ""top5"": []}}",largest full-3D overlap-derived candidate cluster atoms / selected Al-matrix atom count x 100,"four-model global P95, 10 A region-band source tables",1420.90587525,0.19979,formal full-3D connected components; snapshots are slab/projection views
M3_SYM,dense,130,13,124128,0,0,0,0,0,4.0,"{""3.5A"": {""component_count"": 0, ""largest_cluster_count"": 0, ""top5"": []}, ""4.0A"": {""component_count"": 0, ""largest_cluster_count"": 0, ""top5"": []}, ""4.5A"": {""component_count"": 0, ""largest_cluster_count"": 0, ""top5"": []}, ""5.0A"": {""component_count"": 0, ""largest_cluster_count"": 0, ""top5"": []}}",largest full-3D overlap-derived candidate cluster atoms / selected Al-matrix atom count x 100,"four-model global P95, 10 A region-band source tables",1420.90587525,0.19979,formal full-3D connected components; snapshots are slab/projection views
M3_SYM,dense,140,14,124128,1,1,1,0.00080562001,100,4.0,"{""3.5A"": {""component_count"": 1, ""largest_cluster_count"": 1, ""top5"": [1]}, ""4.0A"": {""component_count"": 1, ""largest_cluster_count"": 1, ""top5"": [1]}, ""4.5A"": {""component_count"": 1, ""largest_cluster_count"": 1, ""top5"": [1]}, ""5.0A"": {""component_count"": 1, ""largest_cluster_count"": 1, ""top5"": [1]}}",largest full-3D overlap-derived candidate cluster atoms / selected Al-matrix atom count x 100,"four-model global P95, 10 A region-band source tables",1420.90587525,0.19979,formal full-3D connected components; snapshots are slab/projection views
M3_SYM,15,150,15,124128,19,1,19,0.00080562001,5.2631579,4.0,"{""3.5A"": {""component_count"": 19, ""largest_cluster_count"": 1, ""top5"": [1, 1, 1, 1, 1]}, ""4.0A"": {""component_count"": 19, ""largest_cluster_count"": 1, ""top5"": [1, 1, 1, 1, 1]}, ""4.5A"": {""component_count"": 19, ""largest_cluster_count"": 1, ""top5"": [1, 1, 1, 1, 1]}, ""5.0A"": {""component_count"": 19, ""largest_cluster_count"": 1, ""top5"": [1, 1, 1, 1, 1]}}",largest full-3D overlap-derived candidate cluster atoms / selected Al-matrix atom count x 100,"four-model global P95, 10 A region-band source tables",1420.90587525,0.19979,formal full-3D connected components; snapshots are slab/projection views
M3_SYM,dense,160,16,124128,280,2,271,0.00161124,0.71428571,4.0,"{""3.5A"": {""component_count"": 272, ""largest_cluster_count"": 2, ""top5"": [2, 2, 2, 2, 2]}, ""4.0A"": {""component_count"": 271, ""largest_cluster_count"": 2, ""top5"": [2, 2, 2, 2, 2]}, ""4.5A"": {""component_count"": 267, ""largest_cluster_count"": 2, ""top5"": [2, 2, 2, 2, 2]}, ""5.0A"": {""component_count"": 264, ""largest_cluster_count"": 2, ""top5"": [2, 2, 2, 2, 2]}}",largest full-3D overlap-derived candidate cluster atoms / selected Al-matrix atom count x 100,"four-model global P95, 10 A region-band source tables",1420.90587525,0.19979,formal full-3D connected components; snapshots are slab/projection views
M3_SYM,dense,170,17,124128,1837,9,1567,0.00725058,0.48992923,4.0,"{""3.5A"": {""component_count"": 1627, ""largest_cluster_count"": 9, ""top5"": [9, 6, 3, 3, 3]}, ""4.0A"": {""component_count"": 1567, ""largest_cluster_count"": 9, ""top5"": [9, 7, 6, 4, 4]}, ""4.5A"": {""component_count"": 1489, ""largest_cluster_count"": 9, ""top5"": [9, 8, 7, 6, 6]}, ""5.0A"": {""component_count"": 1364, ""largest_cluster_count"": 12, ""top5"": [12, 10, 9, 9, 8]}}",largest full-3D overlap-derived candidate cluster atoms / selected Al-matrix atom count x 100,"four-model global P95, 10 A region-band source tables",1420.90587525,0.19979,formal full-3D connected components; snapshots are slab/projection views
M3_SYM,dense,180,18,124128,6757,36,4070,0.02900232,0.53278082,4.0,"{""3.5A"": {""component_count"": 4616, ""largest_cluster_count"": 19, ""top5"": [19, 14, 13, 12, 12]}, ""4.0A"": {""component_count"": 4070, ""largest_cluster_count"": 36, ""top5"": [36, 26, 22, 22, 17]}, ""4.5A"": {""component_count"": 3422, ""largest_cluster_count"": 53, ""top5"": [53, 43, 41, 40, 36]}, ""5.0A"": {""component_count"": 2558, ""largest_cluster_count"": 159, ""top5"": [159, 106, 88, 77, 75]}}",largest full-3D overlap-derived candidate cluster atoms / selected Al-matrix atom count x 100,"four-model global P95, 10 A region-band source tables",1420.90587525,0.19979,formal full-3D connected components; snapshots are slab/projection views
M3_SYM,dense,190,19,124128,11931,1920,4107,1.5467904,16.092532,4.0,"{""3.5A"": {""component_count"": 5150, ""largest_cluster_count"": 1844, ""top5"": [1844, 97, 82, 61, 41]}, ""4.0A"": {""component_count"": 4107, ""largest_cluster_count"": 1920, ""top5"": [1920, 416, 171, 122, 92]}, ""4.5A"": {""component_count"": 2853, ""largest_cluster_count"": 3171, ""top5"": [3171, 2002, 95, 93, 80]}, ""5.0A"": {""component_count"": 1790, ""largest_cluster_count"": 6127, ""top5"": [6127, 2095, 49, 36, 34]}}",largest full-3D overlap-derived candidate cluster atoms / selected Al-matrix atom count x 100,"four-model global P95, 10 A region-band source tables",1420.90587525,0.19979,formal full-3D connected components; snapshots are slab/projection views
M3_SYM,F50,192,19.2,124128,6595,5267,857,4.2432006,79.863533,4.0,"{""3.5A"": {""component_count"": 924, ""largest_cluster_count"": 5189, ""top5"": [5189, 260, 19, 11, 10]}, ""4.0A"": {""component_count"": 857, ""largest_cluster_count"": 5267, ""top5"": [5267, 285, 20, 11, 9]}, ""4.5A"": {""component_count"": 758, ""largest_cluster_count"": 5353, ""top5"": [5353, 302, 22, 11, 11]}, ""5.0A"": {""component_count"": 627, ""largest_cluster_count"": 5519, ""top5"": [5519, 315, 14, 7, 7]}}",largest full-3D overlap-derived candidate cluster atoms / selected Al-matrix atom count x 100,"four-model global P95, 10 A region-band source tables",1420.90587525,0.19979,formal full-3D connected components; snapshots are slab/projection views
M3_SYM,dense,200,20,124128,8868,6718,1663,5.4121552,75.755525,4.0,"{""3.5A"": {""component_count"": 1750, ""largest_cluster_count"": 6646, ""top5"": [6646, 19, 10, 8, 8]}, ""4.0A"": {""component_count"": 1663, ""largest_cluster_count"": 6718, ""top5"": [6718, 31, 10, 10, 9]}, ""4.5A"": {""component_count"": 1484, ""largest_cluster_count"": 6907, ""top5"": [6907, 12, 11, 10, 9]}, ""5.0A"": {""component_count"": 1192, ""largest_cluster_count"": 7163, ""top5"": [7163, 22, 16, 13, 10]}}",largest full-3D overlap-derived candidate cluster atoms / selected Al-matrix atom count x 100,"four-model global P95, 10 A region-band source tables",1420.90587525,0.19979,formal full-3D connected components; snapshots are slab/projection views
M4_RATIO,0,0,0,124128,0,0,0,0,0,4.0,"{""3.5A"": {""component_count"": 0, ""largest_cluster_count"": 0, ""top5"": []}, ""4.0A"": {""component_count"": 0, ""largest_cluster_count"": 0, ""top5"": []}, ""4.5A"": {""component_count"": 0, ""largest_cluster_count"": 0, ""top5"": []}, ""5.0A"": {""component_count"": 0, ""largest_cluster_count"": 0, ""top5"": []}}",largest full-3D overlap-derived candidate cluster atoms / selected Al-matrix atom count x 100,"four-model global P95, 10 A region-band source tables",1420.90587525,0.19979,formal full-3D connected components; snapshots are slab/projection views
M4_RATIO,dense,10,1,124128,0,0,0,0,0,4.0,"{""3.5A"": {""component_count"": 0, ""largest_cluster_count"": 0, ""top5"": []}, ""4.0A"": {""component_count"": 0, ""largest_cluster_count"": 0, ""top5"": []}, ""4.5A"": {""component_count"": 0, ""largest_cluster_count"": 0, ""top5"": []}, ""5.0A"": {""component_count"": 0, ""largest_cluster_count"": 0, ""top5"": []}}",largest full-3D overlap-derived candidate cluster atoms / selected Al-matrix atom count x 100,"four-model global P95, 10 A region-band source tables",1420.90587525,0.19979,formal full-3D connected components; snapshots are slab/projection views
M4_RATIO,dense,20,2,124128,0,0,0,0,0,4.0,"{""3.5A"": {""component_count"": 0, ""largest_cluster_count"": 0, ""top5"": []}, ""4.0A"": {""component_count"": 0, ""largest_cluster_count"": 0, ""top5"": []}, ""4.5A"": {""component_count"": 0, ""largest_cluster_count"": 0, ""top5"": []}, ""5.0A"": {""component_count"": 0, ""largest_cluster_count"": 0, ""top5"": []}}",largest full-3D overlap-derived candidate cluster atoms / selected Al-matrix atom count x 100,"four-model global P95, 10 A region-band source tables",1420.90587525,0.19979,formal full-3D connected components; snapshots are slab/projection views
M4_RATIO,dense,30,3,124128,0,0,0,0,0,4.0,"{""3.5A"": {""component_count"": 0, ""largest_cluster_count"": 0, ""top5"": []}, ""4.0A"": {""component_count"": 0, ""largest_cluster_count"": 0, ""top5"": []}, ""4.5A"": {""component_count"": 0, ""largest_cluster_count"": 0, ""top5"": []}, ""5.0A"": {""component_count"": 0, ""largest_cluster_count"": 0, ""top5"": []}}",largest full-3D overlap-derived candidate cluster atoms / selected Al-matrix atom count x 100,"four-model global P95, 10 A region-band source tables",1420.90587525,0.19979,formal full-3D connected components; snapshots are slab/projection views
M4_RATIO,dense,40,4,124128,0,0,0,0,0,4.0,"{""3.5A"": {""component_count"": 0, ""largest_cluster_count"": 0, ""top5"": []}, ""4.0A"": {""component_count"": 0, ""largest_cluster_count"": 0, ""top5"": []}, ""4.5A"": {""component_count"": 0, ""largest_cluster_count"": 0, ""top5"": []}, ""5.0A"": {""component_count"": 0, ""largest_cluster_count"": 0, ""top5"": []}}",largest full-3D overlap-derived candidate cluster atoms / selected Al-matrix atom count x 100,"four-model global P95, 10 A region-band source tables",1420.90587525,0.19979,formal full-3D connected components; snapshots are slab/projection views
M4_RATIO,dense,50,5,124128,0,0,0,0,0,4.0,"{""3.5A"": {""component_count"": 0, ""largest_cluster_count"": 0, ""top5"": []}, ""4.0A"": {""component_count"": 0, ""largest_cluster_count"": 0, ""top5"": []}, ""4.5A"": {""component_count"": 0, ""largest_cluster_count"": 0, ""top5"": []}, ""5.0A"": {""component_count"": 0, ""largest_cluster_count"": 0, ""top5"": []}}",largest full-3D overlap-derived candidate cluster atoms / selected Al-matrix atom count x 100,"four-model global P95, 10 A region-band source tables",1420.90587525,0.19979,formal full-3D connected components; snapshots are slab/projection views
M4_RATIO,dense,60,6,124128,0,0,0,0,0,4.0,"{""3.5A"": {""component_count"": 0, ""largest_cluster_count"": 0, ""top5"": []}, ""4.0A"": {""component_count"": 0, ""largest_cluster_count"": 0, ""top5"": []}, ""4.5A"": {""component_count"": 0, ""largest_cluster_count"": 0, ""top5"": []}, ""5.0A"": {""component_count"": 0, ""largest_cluster_count"": 0, ""top5"": []}}",largest full-3D overlap-derived candidate cluster atoms / selected Al-matrix atom count x 100,"four-model global P95, 10 A region-band source tables",1420.90587525,0.19979,formal full-3D connected components; snapshots are slab/projection views
M4_RATIO,dense,70,7,124128,0,0,0,0,0,4.0,"{""3.5A"": {""component_count"": 0, ""largest_cluster_count"": 0, ""top5"": []}, ""4.0A"": {""component_count"": 0, ""largest_cluster_count"": 0, ""top5"": []}, ""4.5A"": {""component_count"": 0, ""largest_cluster_count"": 0, ""top5"": []}, ""5.0A"": {""component_count"": 0, ""largest_cluster_count"": 0, ""top5"": []}}",largest full-3D overlap-derived candidate cluster atoms / selected Al-matrix atom count x 100,"four-model global P95, 10 A region-band source tables",1420.90587525,0.19979,formal full-3D connected components; snapshots are slab/projection views
M4_RATIO,dense,80,8,124128,0,0,0,0,0,4.0,"{""3.5A"": {""component_count"": 0, ""largest_cluster_count"": 0, ""top5"": []}, ""4.0A"": {""component_count"": 0, ""largest_cluster_count"": 0, ""top5"": []}, ""4.5A"": {""component_count"": 0, ""largest_cluster_count"": 0, ""top5"": []}, ""5.0A"": {""component_count"": 0, ""largest_cluster_count"": 0, ""top5"": []}}",largest full-3D overlap-derived candidate cluster atoms / selected Al-matrix atom count x 100,"four-model global P95, 10 A region-band source tables",1420.90587525,0.19979,formal full-3D connected components; snapshots are slab/projection views
M4_RATIO,dense,90,9,124128,0,0,0,0,0,4.0,"{""3.5A"": {""component_count"": 0, ""largest_cluster_count"": 0, ""top5"": []}, ""4.0A"": {""component_count"": 0, ""largest_cluster_count"": 0, ""top5"": []}, ""4.5A"": {""component_count"": 0, ""largest_cluster_count"": 0, ""top5"": []}, ""5.0A"": {""component_count"": 0, ""largest_cluster_count"": 0, ""top5"": []}}",largest full-3D overlap-derived candidate cluster atoms / selected Al-matrix atom count x 100,"four-model global P95, 10 A region-band source tables",1420.90587525,0.19979,formal full-3D connected components; snapshots are slab/projection views
M4_RATIO,dense,100,10,124128,0,0,0,0,0,4.0,"{""3.5A"": {""component_count"": 0, ""largest_cluster_count"": 0, ""top5"": []}, ""4.0A"": {""component_count"": 0, ""largest_cluster_count"": 0, ""top5"": []}, ""4.5A"": {""component_count"": 0, ""largest_cluster_count"": 0, ""top5"": []}, ""5.0A"": {""component_count"": 0, ""largest_cluster_count"": 0, ""top5"": []}}",largest full-3D overlap-derived candidate cluster atoms / selected Al-matrix atom count x 100,"four-model global P95, 10 A region-band source tables",1420.90587525,0.19979,formal full-3D connected components; snapshots are slab/projection views
M4_RATIO,dense,110,11,124128,0,0,0,0,0,4.0,"{""3.5A"": {""component_count"": 0, ""largest_cluster_count"": 0, ""top5"": []}, ""4.0A"": {""component_count"": 0, ""largest_cluster_count"": 0, ""top5"": []}, ""4.5A"": {""component_count"": 0, ""largest_cluster_count"": 0, ""top5"": []}, ""5.0A"": {""component_count"": 0, ""largest_cluster_count"": 0, ""top5"": []}}",largest full-3D overlap-derived candidate cluster atoms / selected Al-matrix atom count x 100,"four-model global P95, 10 A region-band source tables",1420.90587525,0.19979,formal full-3D connected components; snapshots are slab/projection views
M4_RATIO,dense,120,12,124128,0,0,0,0,0,4.0,"{""3.5A"": {""component_count"": 0, ""largest_cluster_count"": 0, ""top5"": []}, ""4.0A"": {""component_count"": 0, ""largest_cluster_count"": 0, ""top5"": []}, ""4.5A"": {""component_count"": 0, ""largest_cluster_count"": 0, ""top5"": []}, ""5.0A"": {""component_count"": 0, ""largest_cluster_count"": 0, ""top5"": []}}",largest full-3D overlap-derived candidate cluster atoms / selected Al-matrix atom count x 100,"four-model global P95, 10 A region-band source tables",1420.90587525,0.19979,formal full-3D connected components; snapshots are slab/projection views
M4_RATIO,dense,130,13,124128,7,1,7,0.00080562001,14.285714,4.0,"{""3.5A"": {""component_count"": 7, ""largest_cluster_count"": 1, ""top5"": [1, 1, 1, 1, 1]}, ""4.0A"": {""component_count"": 7, ""largest_cluster_count"": 1, ""top5"": [1, 1, 1, 1, 1]}, ""4.5A"": {""component_count"": 7, ""largest_cluster_count"": 1, ""top5"": [1, 1, 1, 1, 1]}, ""5.0A"": {""component_count"": 7, ""largest_cluster_count"": 1, ""top5"": [1, 1, 1, 1, 1]}}",largest full-3D overlap-derived candidate cluster atoms / selected Al-matrix atom count x 100,"four-model global P95, 10 A region-band source tables",1420.90587525,0.19979,formal full-3D connected components; snapshots are slab/projection views
M4_RATIO,dense,140,14,124128,42,1,42,0.00080562001,2.3809524,4.0,"{""3.5A"": {""component_count"": 42, ""largest_cluster_count"": 1, ""top5"": [1, 1, 1, 1, 1]}, ""4.0A"": {""component_count"": 42, ""largest_cluster_count"": 1, ""top5"": [1, 1, 1, 1, 1]}, ""4.5A"": {""component_count"": 42, ""largest_cluster_count"": 1, ""top5"": [1, 1, 1, 1, 1]}, ""5.0A"": {""component_count"": 42, ""largest_cluster_count"": 1, ""top5"": [1, 1, 1, 1, 1]}}",largest full-3D overlap-derived candidate cluster atoms / selected Al-matrix atom count x 100,"four-model global P95, 10 A region-band source tables",1420.90587525,0.19979,formal full-3D connected components; snapshots are slab/projection views
M4_RATIO,15,150,15,124128,392,4,368,0.00322248,1.0204082,4.0,"{""3.5A"": {""component_count"": 376, ""largest_cluster_count"": 4, ""top5"": [4, 2, 2, 2, 2]}, ""4.0A"": {""component_count"": 368, ""largest_cluster_count"": 4, ""top5"": [4, 3, 2, 2, 2]}, ""4.5A"": {""component_count"": 363, ""largest_cluster_count"": 4, ""top5"": [4, 3, 3, 2, 2]}, ""5.0A"": {""component_count"": 351, ""largest_cluster_count"": 5, ""top5"": [5, 3, 3, 3, 3]}}",largest full-3D overlap-derived candidate cluster atoms / selected Al-matrix atom count x 100,"four-model global P95, 10 A region-band source tables",1420.90587525,0.19979,formal full-3D connected components; snapshots are slab/projection views
M4_RATIO,dense,160,16,124128,1929,8,1595,0.00644496,0.41472265,4.0,"{""3.5A"": {""component_count"": 1663, ""largest_cluster_count"": 8, ""top5"": [8, 7, 7, 6, 5]}, ""4.0A"": {""component_count"": 1595, ""largest_cluster_count"": 8, ""top5"": [8, 7, 7, 7, 6]}, ""4.5A"": {""component_count"": 1517, ""largest_cluster_count"": 12, ""top5"": [12, 12, 10, 9, 8]}, ""5.0A"": {""component_count"": 1384, ""largest_cluster_count"": 15, ""top5"": [15, 13, 11, 10, 10]}}",largest full-3D overlap-derived candidate cluster atoms / selected Al-matrix atom count x 100,"four-model global P95, 10 A region-band source tables",1420.90587525,0.19979,formal full-3D connected components; snapshots are slab/projection views
M4_RATIO,dense,170,17,124128,6603,47,4002,0.03786414,0.71179767,4.0,"{""3.5A"": {""component_count"": 4511, ""largest_cluster_count"": 26, ""top5"": [26, 20, 18, 15, 13]}, ""4.0A"": {""component_count"": 4002, ""largest_cluster_count"": 47, ""top5"": [47, 33, 24, 21, 21]}, ""4.5A"": {""component_count"": 3364, ""largest_cluster_count"": 73, ""top5"": [73, 59, 51, 44, 43]}, ""5.0A"": {""component_count"": 2585, ""largest_cluster_count"": 357, ""top5"": [357, 283, 105, 103, 82]}}",largest full-3D overlap-derived candidate cluster atoms / selected Al-matrix atom count x 100,"four-model global P95, 10 A region-band source tables",1420.90587525,0.19979,formal full-3D connected components; snapshots are slab/projection views
M4_RATIO,F50,180,18,124128,7013,6103,836,4.9166989,87.024098,4.0,"{""3.5A"": {""component_count"": 857, ""largest_cluster_count"": 6083, ""top5"": [6083, 5, 4, 4, 4]}, ""4.0A"": {""component_count"": 836, ""largest_cluster_count"": 6103, ""top5"": [6103, 5, 5, 4, 4]}, ""4.5A"": {""component_count"": 774, ""largest_cluster_count"": 6155, ""top5"": [6155, 5, 5, 5, 4]}, ""5.0A"": {""component_count"": 663, ""largest_cluster_count"": 6231, ""top5"": [6231, 11, 9, 6, 5]}}",largest full-3D overlap-derived candidate cluster atoms / selected Al-matrix atom count x 100,"four-model global P95, 10 A region-band source tables",1420.90587525,0.19979,formal full-3D connected components; snapshots are slab/projection views
M4_RATIO,dense,190,19,124128,8506,6945,1327,5.5950309,81.648248,4.0,"{""3.5A"": {""component_count"": 1380, ""largest_cluster_count"": 6919, ""top5"": [6919, 6, 4, 4, 4]}, ""4.0A"": {""component_count"": 1327, ""largest_cluster_count"": 6945, ""top5"": [6945, 7, 6, 4, 4]}, ""4.5A"": {""component_count"": 1233, ""largest_cluster_count"": 7014, ""top5"": [7014, 5, 4, 4, 4]}, ""5.0A"": {""component_count"": 1022, ""largest_cluster_count"": 7147, ""top5"": [7147, 12, 10, 10, 8]}}",largest full-3D overlap-derived candidate cluster atoms / selected Al-matrix atom count x 100,"four-model global P95, 10 A region-band source tables",1420.90587525,0.19979,formal full-3D connected components; snapshots are slab/projection views
M4_RATIO,dense,200,20,124128,9481,7870,1379,6.3402294,83.008122,4.0,"{""3.5A"": {""component_count"": 1434, ""largest_cluster_count"": 7829, ""top5"": [7829, 8, 5, 4, 4]}, ""4.0A"": {""component_count"": 1379, ""largest_cluster_count"": 7870, ""top5"": [7870, 8, 5, 5, 4]}, ""4.5A"": {""component_count"": 1269, ""largest_cluster_count"": 7936, ""top5"": [7936, 8, 5, 5, 5]}, ""5.0A"": {""component_count"": 1047, ""largest_cluster_count"": 8082, ""top5"": [8082, 8, 8, 7, 7]}}",largest full-3D overlap-derived candidate cluster atoms / selected Al-matrix atom count x 100,"four-model global P95, 10 A region-band source tables",1420.90587525,0.19979,formal full-3D connected components; snapshots are slab/projection views
M4_SYM,0,0,0,124128,0,0,0,0,0,4.0,"{""3.5A"": {""component_count"": 0, ""largest_cluster_count"": 0, ""top5"": []}, ""4.0A"": {""component_count"": 0, ""largest_cluster_count"": 0, ""top5"": []}, ""4.5A"": {""component_count"": 0, ""largest_cluster_count"": 0, ""top5"": []}, ""5.0A"": {""component_count"": 0, ""largest_cluster_count"": 0, ""top5"": []}}",largest full-3D overlap-derived candidate cluster atoms / selected Al-matrix atom count x 100,"four-model global P95, 10 A region-band source tables",1420.90587525,0.19979,formal full-3D connected components; snapshots are slab/projection views
M4_SYM,dense,10,1,124128,0,0,0,0,0,4.0,"{""3.5A"": {""component_count"": 0, ""largest_cluster_count"": 0, ""top5"": []}, ""4.0A"": {""component_count"": 0, ""largest_cluster_count"": 0, ""top5"": []}, ""4.5A"": {""component_count"": 0, ""largest_cluster_count"": 0, ""top5"": []}, ""5.0A"": {""component_count"": 0, ""largest_cluster_count"": 0, ""top5"": []}}",largest full-3D overlap-derived candidate cluster atoms / selected Al-matrix atom count x 100,"four-model global P95, 10 A region-band source tables",1420.90587525,0.19979,formal full-3D connected components; snapshots are slab/projection views
M4_SYM,dense,20,2,124128,0,0,0,0,0,4.0,"{""3.5A"": {""component_count"": 0, ""largest_cluster_count"": 0, ""top5"": []}, ""4.0A"": {""component_count"": 0, ""largest_cluster_count"": 0, ""top5"": []}, ""4.5A"": {""component_count"": 0, ""largest_cluster_count"": 0, ""top5"": []}, ""5.0A"": {""component_count"": 0, ""largest_cluster_count"": 0, ""top5"": []}}",largest full-3D overlap-derived candidate cluster atoms / selected Al-matrix atom count x 100,"four-model global P95, 10 A region-band source tables",1420.90587525,0.19979,formal full-3D connected components; snapshots are slab/projection views
M4_SYM,dense,30,3,124128,0,0,0,0,0,4.0,"{""3.5A"": {""component_count"": 0, ""largest_cluster_count"": 0, ""top5"": []}, ""4.0A"": {""component_count"": 0, ""largest_cluster_count"": 0, ""top5"": []}, ""4.5A"": {""component_count"": 0, ""largest_cluster_count"": 0, ""top5"": []}, ""5.0A"": {""component_count"": 0, ""largest_cluster_count"": 0, ""top5"": []}}",largest full-3D overlap-derived candidate cluster atoms / selected Al-matrix atom count x 100,"four-model global P95, 10 A region-band source tables",1420.90587525,0.19979,formal full-3D connected components; snapshots are slab/projection views
M4_SYM,dense,40,4,124128,0,0,0,0,0,4.0,"{""3.5A"": {""component_count"": 0, ""largest_cluster_count"": 0, ""top5"": []}, ""4.0A"": {""component_count"": 0, ""largest_cluster_count"": 0, ""top5"": []}, ""4.5A"": {""component_count"": 0, ""largest_cluster_count"": 0, ""top5"": []}, ""5.0A"": {""component_count"": 0, ""largest_cluster_count"": 0, ""top5"": []}}",largest full-3D overlap-derived candidate cluster atoms / selected Al-matrix atom count x 100,"four-model global P95, 10 A region-band source tables",1420.90587525,0.19979,formal full-3D connected components; snapshots are slab/projection views
M4_SYM,dense,50,5,124128,0,0,0,0,0,4.0,"{""3.5A"": {""component_count"": 0, ""largest_cluster_count"": 0, ""top5"": []}, ""4.0A"": {""component_count"": 0, ""largest_cluster_count"": 0, ""top5"": []}, ""4.5A"": {""component_count"": 0, ""largest_cluster_count"": 0, ""top5"": []}, ""5.0A"": {""component_count"": 0, ""largest_cluster_count"": 0, ""top5"": []}}",largest full-3D overlap-derived candidate cluster atoms / selected Al-matrix atom count x 100,"four-model global P95, 10 A region-band source tables",1420.90587525,0.19979,formal full-3D connected components; snapshots are slab/projection views
M4_SYM,dense,60,6,124128,0,0,0,0,0,4.0,"{""3.5A"": {""component_count"": 0, ""largest_cluster_count"": 0, ""top5"": []}, ""4.0A"": {""component_count"": 0, ""largest_cluster_count"": 0, ""top5"": []}, ""4.5A"": {""component_count"": 0, ""largest_cluster_count"": 0, ""top5"": []}, ""5.0A"": {""component_count"": 0, ""largest_cluster_count"": 0, ""top5"": []}}",largest full-3D overlap-derived candidate cluster atoms / selected Al-matrix atom count x 100,"four-model global P95, 10 A region-band source tables",1420.90587525,0.19979,formal full-3D connected components; snapshots are slab/projection views
M4_SYM,dense,70,7,124128,0,0,0,0,0,4.0,"{""3.5A"": {""component_count"": 0, ""largest_cluster_count"": 0, ""top5"": []}, ""4.0A"": {""component_count"": 0, ""largest_cluster_count"": 0, ""top5"": []}, ""4.5A"": {""component_count"": 0, ""largest_cluster_count"": 0, ""top5"": []}, ""5.0A"": {""component_count"": 0, ""largest_cluster_count"": 0, ""top5"": []}}",largest full-3D overlap-derived candidate cluster atoms / selected Al-matrix atom count x 100,"four-model global P95, 10 A region-band source tables",1420.90587525,0.19979,formal full-3D connected components; snapshots are slab/projection views
M4_SYM,dense,80,8,124128,0,0,0,0,0,4.0,"{""3.5A"": {""component_count"": 0, ""largest_cluster_count"": 0, ""top5"": []}, ""4.0A"": {""component_count"": 0, ""largest_cluster_count"": 0, ""top5"": []}, ""4.5A"": {""component_count"": 0, ""largest_cluster_count"": 0, ""top5"": []}, ""5.0A"": {""component_count"": 0, ""largest_cluster_count"": 0, ""top5"": []}}",largest full-3D overlap-derived candidate cluster atoms / selected Al-matrix atom count x 100,"four-model global P95, 10 A region-band source tables",1420.90587525,0.19979,formal full-3D connected components; snapshots are slab/projection views
M4_SYM,dense,90,9,124128,0,0,0,0,0,4.0,"{""3.5A"": {""component_count"": 0, ""largest_cluster_count"": 0, ""top5"": []}, ""4.0A"": {""component_count"": 0, ""largest_cluster_count"": 0, ""top5"": []}, ""4.5A"": {""component_count"": 0, ""largest_cluster_count"": 0, ""top5"": []}, ""5.0A"": {""component_count"": 0, ""largest_cluster_count"": 0, ""top5"": []}}",largest full-3D overlap-derived candidate cluster atoms / selected Al-matrix atom count x 100,"four-model global P95, 10 A region-band source tables",1420.90587525,0.19979,formal full-3D connected components; snapshots are slab/projection views
M4_SYM,dense,100,10,124128,0,0,0,0,0,4.0,"{""3.5A"": {""component_count"": 0, ""largest_cluster_count"": 0, ""top5"": []}, ""4.0A"": {""component_count"": 0, ""largest_cluster_count"": 0, ""top5"": []}, ""4.5A"": {""component_count"": 0, ""largest_cluster_count"": 0, ""top5"": []}, ""5.0A"": {""component_count"": 0, ""largest_cluster_count"": 0, ""top5"": []}}",largest full-3D overlap-derived candidate cluster atoms / selected Al-matrix atom count x 100,"four-model global P95, 10 A region-band source tables",1420.90587525,0.19979,formal full-3D connected components; snapshots are slab/projection views
M4_SYM,dense,110,11,124128,0,0,0,0,0,4.0,"{""3.5A"": {""component_count"": 0, ""largest_cluster_count"": 0, ""top5"": []}, ""4.0A"": {""component_count"": 0, ""largest_cluster_count"": 0, ""top5"": []}, ""4.5A"": {""component_count"": 0, ""largest_cluster_count"": 0, ""top5"": []}, ""5.0A"": {""component_count"": 0, ""largest_cluster_count"": 0, ""top5"": []}}",largest full-3D overlap-derived candidate cluster atoms / selected Al-matrix atom count x 100,"four-model global P95, 10 A region-band source tables",1420.90587525,0.19979,formal full-3D connected components; snapshots are slab/projection views
M4_SYM,dense,120,12,124128,0,0,0,0,0,4.0,"{""3.5A"": {""component_count"": 0, ""largest_cluster_count"": 0, ""top5"": []}, ""4.0A"": {""component_count"": 0, ""largest_cluster_count"": 0, ""top5"": []}, ""4.5A"": {""component_count"": 0, ""largest_cluster_count"": 0, ""top5"": []}, ""5.0A"": {""component_count"": 0, ""largest_cluster_count"": 0, ""top5"": []}}",largest full-3D overlap-derived candidate cluster atoms / selected Al-matrix atom count x 100,"four-model global P95, 10 A region-band source tables",1420.90587525,0.19979,formal full-3D connected components; snapshots are slab/projection views
M4_SYM,dense,130,13,124128,0,0,0,0,0,4.0,"{""3.5A"": {""component_count"": 0, ""largest_cluster_count"": 0, ""top5"": []}, ""4.0A"": {""component_count"": 0, ""largest_cluster_count"": 0, ""top5"": []}, ""4.5A"": {""component_count"": 0, ""largest_cluster_count"": 0, ""top5"": []}, ""5.0A"": {""component_count"": 0, ""largest_cluster_count"": 0, ""top5"": []}}",largest full-3D overlap-derived candidate cluster atoms / selected Al-matrix atom count x 100,"four-model global P95, 10 A region-band source tables",1420.90587525,0.19979,formal full-3D connected components; snapshots are slab/projection views
M4_SYM,dense,140,14,124128,1,1,1,0.00080562001,100,4.0,"{""3.5A"": {""component_count"": 1, ""largest_cluster_count"": 1, ""top5"": [1]}, ""4.0A"": {""component_count"": 1, ""largest_cluster_count"": 1, ""top5"": [1]}, ""4.5A"": {""component_count"": 1, ""largest_cluster_count"": 1, ""top5"": [1]}, ""5.0A"": {""component_count"": 1, ""largest_cluster_count"": 1, ""top5"": [1]}}",largest full-3D overlap-derived candidate cluster atoms / selected Al-matrix atom count x 100,"four-model global P95, 10 A region-band source tables",1420.90587525,0.19979,formal full-3D connected components; snapshots are slab/projection views
M4_SYM,15,150,15,124128,14,2,13,0.00161124,14.285714,4.0,"{""3.5A"": {""component_count"": 14, ""largest_cluster_count"": 1, ""top5"": [1, 1, 1, 1, 1]}, ""4.0A"": {""component_count"": 13, ""largest_cluster_count"": 2, ""top5"": [2, 1, 1, 1, 1]}, ""4.5A"": {""component_count"": 13, ""largest_cluster_count"": 2, ""top5"": [2, 1, 1, 1, 1]}, ""5.0A"": {""component_count"": 13, ""largest_cluster_count"": 2, ""top5"": [2, 1, 1, 1, 1]}}",largest full-3D overlap-derived candidate cluster atoms / selected Al-matrix atom count x 100,"four-model global P95, 10 A region-band source tables",1420.90587525,0.19979,formal full-3D connected components; snapshots are slab/projection views
M4_SYM,dense,160,16,124128,162,3,152,0.00241686,1.8518519,4.0,"{""3.5A"": {""component_count"": 155, ""largest_cluster_count"": 2, ""top5"": [2, 2, 2, 2, 2]}, ""4.0A"": {""component_count"": 152, ""largest_cluster_count"": 3, ""top5"": [3, 2, 2, 2, 2]}, ""4.5A"": {""component_count"": 152, ""largest_cluster_count"": 3, ""top5"": [3, 2, 2, 2, 2]}, ""5.0A"": {""component_count"": 151, ""largest_cluster_count"": 3, ""top5"": [3, 3, 2, 2, 2]}}",largest full-3D overlap-derived candidate cluster atoms / selected Al-matrix atom count x 100,"four-model global P95, 10 A region-band source tables",1420.90587525,0.19979,formal full-3D connected components; snapshots are slab/projection views
M4_SYM,dense,170,17,124128,1268,7,1107,0.00563934,0.55205047,4.0,"{""3.5A"": {""component_count"": 1138, ""largest_cluster_count"": 6, ""top5"": [6, 5, 5, 4, 4]}, ""4.0A"": {""component_count"": 1107, ""largest_cluster_count"": 7, ""top5"": [7, 6, 5, 5, 5]}, ""4.5A"": {""component_count"": 1051, ""largest_cluster_count"": 8, ""top5"": [8, 7, 6, 5, 5]}, ""5.0A"": {""component_count"": 964, ""largest_cluster_count"": 15, ""top5"": [15, 8, 8, 7, 6]}}",largest full-3D overlap-derived candidate cluster atoms / selected Al-matrix atom count x 100,"four-model global P95, 10 A region-band source tables",1420.90587525,0.19979,formal full-3D connected components; snapshots are slab/projection views
M4_SYM,F50,177,17.7,124128,4193,3782,357,3.0468549,90.197949,4.0,"{""3.5A"": {""component_count"": 418, ""largest_cluster_count"": 3619, ""top5"": [3619, 24, 15, 13, 9]}, ""4.0A"": {""component_count"": 357, ""largest_cluster_count"": 3782, ""top5"": [3782, 8, 7, 6, 5]}, ""4.5A"": {""component_count"": 309, ""largest_cluster_count"": 3864, ""top5"": [3864, 5, 5, 3, 3]}, ""5.0A"": {""component_count"": 265, ""largest_cluster_count"": 3914, ""top5"": [3914, 2, 2, 2, 2]}}",largest full-3D overlap-derived candidate cluster atoms / selected Al-matrix atom count x 100,"four-model global P95, 10 A region-band source tables",1420.90587525,0.19979,formal full-3D connected components; snapshots are slab/projection views
M4_SYM,dense,180,18,124128,6451,6114,322,4.9255607,94.776004,4.0,"{""3.5A"": {""component_count"": 353, ""largest_cluster_count"": 6054, ""top5"": [6054, 6, 5, 4, 4]}, ""4.0A"": {""component_count"": 322, ""largest_cluster_count"": 6114, ""top5"": [6114, 4, 4, 2, 2]}, ""4.5A"": {""component_count"": 305, ""largest_cluster_count"": 6133, ""top5"": [6133, 4, 2, 2, 2]}, ""5.0A"": {""component_count"": 253, ""largest_cluster_count"": 6187, ""top5"": [6187, 3, 2, 2, 2]}}",largest full-3D overlap-derived candidate cluster atoms / selected Al-matrix atom count x 100,"four-model global P95, 10 A region-band source tables",1420.90587525,0.19979,formal full-3D connected components; snapshots are slab/projection views
M4_SYM,dense,190,19,124128,7397,6524,786,5.2558649,88.197918,4.0,"{""3.5A"": {""component_count"": 837, ""largest_cluster_count"": 6440, ""top5"": [6440, 12, 11, 10, 7]}, ""4.0A"": {""component_count"": 786, ""largest_cluster_count"": 6524, ""top5"": [6524, 4, 4, 4, 3]}, ""4.5A"": {""component_count"": 706, ""largest_cluster_count"": 6606, ""top5"": [6606, 6, 4, 3, 3]}, ""5.0A"": {""component_count"": 610, ""largest_cluster_count"": 6686, ""top5"": [6686, 5, 5, 4, 4]}}",largest full-3D overlap-derived candidate cluster atoms / selected Al-matrix atom count x 100,"four-model global P95, 10 A region-band source tables",1420.90587525,0.19979,formal full-3D connected components; snapshots are slab/projection views
M4_SYM,dense,200,20,124128,7845,6819,914,5.4935228,86.921606,4.0,"{""3.5A"": {""component_count"": 954, ""largest_cluster_count"": 6768, ""top5"": [6768, 17, 3, 3, 3]}, ""4.0A"": {""component_count"": 914, ""largest_cluster_count"": 6819, ""top5"": [6819, 4, 4, 3, 3]}, ""4.5A"": {""component_count"": 827, ""largest_cluster_count"": 6883, ""top5"": [6883, 7, 5, 5, 4]}, ""5.0A"": {""component_count"": 710, ""largest_cluster_count"": 6969, ""top5"": [6969, 8, 6, 5, 4]}}",largest full-3D overlap-derived candidate cluster atoms / selected Al-matrix atom count x 100,"four-model global P95, 10 A region-band source tables",1420.90587525,0.19979,formal full-3D connected components; snapshots are slab/projection views
