scope,model,replica,seed,metric,compute_pc_value,local_value,absolute_difference,tolerance,status
per_trajectory,M3_SYM,R1,3847291,sigma15_GPa,7.58485585140824,7.58485585140824,0.0,1e-09,PASS
per_trajectory,M3_SYM,R1,3847291,peak_stress_GPa,8.50674885520983,8.50674885520983,0.0,1e-09,PASS
per_trajectory,M3_SYM,R1,3847291,peak_strain_percent,18.0,18.0,0.0,1e-09,PASS
per_trajectory,M3_SYM,R1,3847291,F50_raw_first_row_percent,18.4,18.4,0.0,1e-09,PASS
per_trajectory,M3_SYM,R2,28471,sigma15_GPa,7.672158738240234,7.672158738240234,0.0,1e-09,PASS
per_trajectory,M3_SYM,R2,28471,peak_stress_GPa,8.72118751344765,8.72118751344765,0.0,1e-09,PASS
per_trajectory,M3_SYM,R2,28471,peak_strain_percent,19.0300000000002,19.0300000000002,0.0,1e-09,PASS
per_trajectory,M3_SYM,R2,28471,F50_raw_first_row_percent,19.4000000000002,19.4000000000002,0.0,1e-09,PASS
per_trajectory,M3_SYM,R3,39581,sigma15_GPa,7.607371453466865,7.607371453466865,0.0,1e-09,PASS
per_trajectory,M3_SYM,R3,39581,peak_stress_GPa,8.61444378670368,8.61444378670368,0.0,1e-09,PASS
per_trajectory,M3_SYM,R3,39581,peak_strain_percent,18.5299999999999,18.5299999999999,0.0,1e-09,PASS
per_trajectory,M3_SYM,R3,39581,F50_raw_first_row_percent,18.9199999999999,18.9199999999999,0.0,1e-09,PASS
per_trajectory,M4_RATIO,R1,4928459,sigma15_GPa,7.898937719536577,7.898937719536577,0.0,1e-09,PASS
per_trajectory,M4_RATIO,R1,4928459,peak_stress_GPa,8.88551962961873,8.88551962961873,0.0,1e-09,PASS
per_trajectory,M4_RATIO,R1,4928459,peak_strain_percent,18.3399999999997,18.3399999999997,0.0,1e-09,PASS
per_trajectory,M4_RATIO,R1,4928459,F50_raw_first_row_percent,18.6699999999997,18.6699999999997,0.0,1e-09,PASS
per_trajectory,M4_RATIO,R2,41777,sigma15_GPa,7.8232363935720315,7.8232363935720315,0.0,1e-09,PASS
per_trajectory,M4_RATIO,R2,41777,peak_stress_GPa,8.68045705487977,8.68045705487977,0.0,1e-09,PASS
per_trajectory,M4_RATIO,R2,41777,peak_strain_percent,17.8199999999998,17.8199999999998,0.0,1e-09,PASS
per_trajectory,M4_RATIO,R2,41777,F50_raw_first_row_percent,18.2099999999998,18.2099999999998,0.0,1e-09,PASS
per_trajectory,M4_RATIO,R3,52891,sigma15_GPa,7.844788837216291,7.844788837216291,0.0,1e-09,PASS
per_trajectory,M4_RATIO,R3,52891,peak_stress_GPa,8.68215290929891,8.68215290929891,0.0,1e-09,PASS
per_trajectory,M4_RATIO,R3,52891,peak_strain_percent,17.7100000000002,17.7100000000002,0.0,1e-09,PASS
per_trajectory,M4_RATIO,R3,52891,F50_raw_first_row_percent,18.1100000000002,18.1100000000002,0.0,1e-09,PASS
per_trajectory,M4_SYM,R1,9520510,sigma15_GPa,7.956687790936424,7.956687790936424,0.0,1e-09,PASS
per_trajectory,M4_SYM,R1,9520510,peak_stress_GPa,8.77733400533611,8.77733400533611,0.0,1e-09,PASS
per_trajectory,M4_SYM,R1,9520510,peak_strain_percent,17.5499999999998,17.5499999999998,0.0,1e-09,PASS
per_trajectory,M4_SYM,R1,9520510,F50_raw_first_row_percent,17.9499999999998,17.9499999999998,0.0,1e-09,PASS
per_trajectory,M4_SYM,R2,63997,sigma15_GPa,7.973767569657369,7.973767569657369,0.0,1e-09,PASS
per_trajectory,M4_SYM,R2,63997,peak_stress_GPa,8.87533714162194,8.87533714162194,0.0,1e-09,PASS
per_trajectory,M4_SYM,R2,63997,peak_strain_percent,17.8599999999998,17.8599999999998,0.0,1e-09,PASS
per_trajectory,M4_SYM,R2,63997,F50_raw_first_row_percent,18.2299999999998,18.2299999999998,0.0,1e-09,PASS
per_trajectory,M4_SYM,R3,74131,sigma15_GPa,7.971555468351791,7.971555468351791,0.0,1e-09,PASS
per_trajectory,M4_SYM,R3,74131,peak_stress_GPa,8.67327088538376,8.67327088538376,0.0,1e-09,PASS
per_trajectory,M4_SYM,R3,74131,peak_strain_percent,17.1199999999998,17.1199999999998,0.0,1e-09,PASS
per_trajectory,M4_SYM,R3,74131,F50_raw_first_row_percent,17.5299999999998,17.5299999999998,0.0,1e-09,PASS
n3_summary,M3_SYM,,,sigma15_GPa_mean,7.6214620143717795,7.6214620143717795,0.0,1e-06,PASS
n3_summary,M3_SYM,,,sigma15_GPa_sample_SD,0.04532500901556797,0.04532500901556797,0.0,1e-06,PASS
n3_summary,M3_SYM,,,sigma15_GPa_min,7.58485585140824,7.58485585140824,0.0,1e-06,PASS
n3_summary,M3_SYM,,,sigma15_GPa_max,7.672158738240234,7.672158738240234,0.0,1e-06,PASS
n3_summary,M3_SYM,,,sigma15_GPa_CV,0.005947022884861024,0.005947022884861024,0.0,1e-06,PASS
n3_summary,M3_SYM,,,peak_stress_GPa_mean,8.61412671845372,8.61412671845372,0.0,1e-06,PASS
n3_summary,M3_SYM,,,peak_stress_GPa_sample_SD,0.10721968073033707,0.10721968073033707,0.0,1e-06,PASS
n3_summary,M3_SYM,,,peak_stress_GPa_min,8.50674885520983,8.50674885520983,0.0,1e-06,PASS
n3_summary,M3_SYM,,,peak_stress_GPa_max,8.72118751344765,8.72118751344765,0.0,1e-06,PASS
n3_summary,M3_SYM,,,peak_stress_GPa_CV,0.012446958842693173,0.012446958842693173,0.0,1e-06,PASS
n3_summary,M3_SYM,,,peak_strain_percent_mean,18.520000000000035,18.520000000000035,0.0,1e-06,PASS
n3_summary,M3_SYM,,,peak_strain_percent_sample_SD,0.5150728103871346,0.5150728103871346,0.0,1e-06,PASS
n3_summary,M3_SYM,,,peak_strain_percent_min,18.0,18.0,0.0,1e-06,PASS
n3_summary,M3_SYM,,,peak_strain_percent_max,19.0300000000002,19.0300000000002,0.0,1e-06,PASS
n3_summary,M3_SYM,,,peak_strain_percent_CV,0.027811706824359267,0.027811706824359267,0.0,1e-06,PASS
n3_summary,M3_SYM,,,F50_raw_first_row_percent_mean,18.9066666666667,18.9066666666667,0.0,1e-06,PASS
n3_summary,M3_SYM,,,F50_raw_first_row_percent_sample_SD,0.5001333155603933,0.5001333155603933,0.0,1e-06,PASS
n3_summary,M3_SYM,,,F50_raw_first_row_percent_min,18.4,18.4,0.0,1e-06,PASS
n3_summary,M3_SYM,,,F50_raw_first_row_percent_max,19.4000000000002,19.4000000000002,0.0,1e-06,PASS
n3_summary,M3_SYM,,,F50_raw_first_row_percent_CV,0.02645274941257365,0.02645274941257365,0.0,1e-06,PASS
n3_summary,M4_RATIO,,,sigma15_GPa_mean,7.855654316774967,7.855654316774967,0.0,1e-06,PASS
n3_summary,M4_RATIO,,,sigma15_GPa_sample_SD,0.03900277775655973,0.03900277775655973,0.0,1e-06,PASS
n3_summary,M4_RATIO,,,sigma15_GPa_min,7.8232363935720315,7.8232363935720315,0.0,1e-06,PASS
n3_summary,M4_RATIO,,,sigma15_GPa_max,7.898937719536577,7.898937719536577,0.0,1e-06,PASS
n3_summary,M4_RATIO,,,sigma15_GPa_CV,0.0049649305053142655,0.0049649305053142655,0.0,1e-06,PASS
n3_summary,M4_RATIO,,,peak_stress_GPa_mean,8.749376531265805,8.749376531265805,0.0,1e-06,PASS
n3_summary,M4_RATIO,,,peak_stress_GPa_sample_SD,0.11790643070843841,0.11790643070843841,0.0,1e-06,PASS
n3_summary,M4_RATIO,,,peak_stress_GPa_min,8.68045705487977,8.68045705487977,0.0,1e-06,PASS
n3_summary,M4_RATIO,,,peak_stress_GPa_max,8.88551962961873,8.88551962961873,0.0,1e-06,PASS
n3_summary,M4_RATIO,,,peak_stress_GPa_CV,0.013475980864133694,0.013475980864133694,0.0,1e-06,PASS
n3_summary,M4_RATIO,,,peak_strain_percent_mean,17.956666666666568,17.956666666666568,0.0,1e-06,PASS
n3_summary,M4_RATIO,,,peak_strain_percent_sample_SD,0.33650160970372306,0.33650160970372306,0.0,1e-06,PASS
n3_summary,M4_RATIO,,,peak_strain_percent_min,17.7100000000002,17.7100000000002,0.0,1e-06,PASS
n3_summary,M4_RATIO,,,peak_strain_percent_max,18.3399999999997,18.3399999999997,0.0,1e-06,PASS
n3_summary,M4_RATIO,,,peak_strain_percent_CV,0.01873964783945006,0.01873964783945006,0.0,1e-06,PASS
n3_summary,M4_RATIO,,,F50_raw_first_row_percent_mean,18.3299999999999,18.3299999999999,0.0,1e-06,PASS
n3_summary,M4_RATIO,,,F50_raw_first_row_percent_sample_SD,0.2986636904611581,0.2986636904611581,0.0,1e-06,PASS
n3_summary,M4_RATIO,,,F50_raw_first_row_percent_min,18.1100000000002,18.1100000000002,0.0,1e-06,PASS
n3_summary,M4_RATIO,,,F50_raw_first_row_percent_max,18.6699999999997,18.6699999999997,0.0,1e-06,PASS
n3_summary,M4_RATIO,,,F50_raw_first_row_percent_CV,0.0162937092450169,0.0162937092450169,0.0,1e-06,PASS
n3_summary,M4_SYM,,,sigma15_GPa_mean,7.967336942981861,7.967336942981861,0.0,1e-06,PASS
n3_summary,M4_SYM,,,sigma15_GPa_sample_SD,0.009288523968406378,0.009288523968406378,0.0,1e-06,PASS
n3_summary,M4_SYM,,,sigma15_GPa_min,7.956687790936424,7.956687790936424,0.0,1e-06,PASS
n3_summary,M4_SYM,,,sigma15_GPa_max,7.973767569657369,7.973767569657369,0.0,1e-06,PASS
n3_summary,M4_SYM,,,sigma15_GPa_CV,0.0011658254238372963,0.0011658254238372963,0.0,1e-06,PASS
n3_summary,M4_SYM,,,peak_stress_GPa_mean,8.775314010780603,8.775314010780603,0.0,1e-06,PASS
n3_summary,M4_SYM,,,peak_stress_GPa_sample_SD,0.1010482719349113,0.1010482719349113,0.0,1e-06,PASS
n3_summary,M4_SYM,,,peak_stress_GPa_min,8.67327088538376,8.67327088538376,0.0,1e-06,PASS
n3_summary,M4_SYM,,,peak_stress_GPa_max,8.87533714162194,8.87533714162194,0.0,1e-06,PASS
n3_summary,M4_SYM,,,peak_stress_GPa_CV,0.011515060522138808,0.011515060522138808,0.0,1e-06,PASS
n3_summary,M4_SYM,,,peak_strain_percent_mean,17.5099999999998,17.5099999999998,0.0,1e-06,PASS
n3_summary,M4_SYM,,,peak_strain_percent_sample_SD,0.37161808352124204,0.37161808352124204,0.0,1e-06,PASS
n3_summary,M4_SYM,,,peak_strain_percent_min,17.1199999999998,17.1199999999998,0.0,1e-06,PASS
n3_summary,M4_SYM,,,peak_strain_percent_max,17.8599999999998,17.8599999999998,0.0,1e-06,PASS
n3_summary,M4_SYM,,,peak_strain_percent_CV,0.021223191520345304,0.021223191520345304,0.0,1e-06,PASS
n3_summary,M4_SYM,,,F50_raw_first_row_percent_mean,17.903333333333133,17.903333333333133,0.0,1e-06,PASS
n3_summary,M4_SYM,,,F50_raw_first_row_percent_sample_SD,0.3523256069793031,0.3523256069793031,0.0,1e-06,PASS
n3_summary,M4_SYM,,,F50_raw_first_row_percent_min,17.5299999999998,17.5299999999998,0.0,1e-06,PASS
n3_summary,M4_SYM,,,F50_raw_first_row_percent_max,18.2299999999998,18.2299999999998,0.0,1e-06,PASS
n3_summary,M4_SYM,,,F50_raw_first_row_percent_CV,0.01967933012358818,0.01967933012358818,0.0,1e-06,PASS
